extraction_date,id,url,title,parkCode,description,category,relatedRoadEvents,lastIndexedDate
2026-08-27,9A866BC3-60FA-4F65-93A5-FE8FCFCF50D8,https://forecast.weather.gov/MapClick.php?lat=35.9786&lon=-114.834#.YxjWSsjMKUk,Extreme Heat Warning,lake,"The National Weather Service has issued an Extreme Heat Warning through Friday August 28th for the Las Vegas and Lake Mead area. Visitors should limit outdoor activities on land within the recreation area, drink plenty of water, and be alert for symptoms of heat illness including thirst, heavy sweating, muscle cramps, weakness/dizziness, headache, and nausea. Anyone experiencing these symptoms should move indoors in air conditioning immediately.",Danger,[],2026-08-26 00:00:00.0
2026-08-27,8886FFEA-B976-475B-BB5B-12A2E9CE4F92,,Hans Flat Ranger Station Temporarily Closed,cany,"Hans Flat Ranger Station is temporarily closed so onsite personnel can focus on an ongoing search operation. For updated road conditions, trip planning, or other questions about The Maze, email Canyonlands' Backcountry Office at canyres@nps.gov.",Park Closure,[],2026-08-26 00:00:00.0
2026-08-27,CADC2230-0ACE-488F-BC7B-8B41E8CC2574,https://www.nps.gov/fiis/learn/news/west-nile-virus-detected-in-mosquito-sample-at-the-william-floyd-estate.htm,"West Nile Virus detected in Mosquito Samples at the Floyd Estate, FI Pines",fiis,"West Nile Virus has been detected at the William Floyd Estate and Fire Island Pines from mosquito samples collected on August 12, 2026. Increased surveillance of mosquitoes in the area will continue. It is recommended visitors limit or forego outdoor activities between dusk and dawn.",Caution,[],2026-08-26 00:00:00.0
2026-08-27,09A9F7B3-F1F0-4F98-9B18-8BAA72D11D9E,,Hiker's Lot Closed,carl,"Due to an issue with a telecommunication line, the Hiker's Parking Lot is temporarily closed. Visitors can continue to park at the Main Parking Lot as a starting point for their visit to Carl Sandburg Home.",Park Closure,[],2026-08-26 00:00:00.0
2026-08-27,9B677849-F0F1-43FB-9A71-384E23A34144,https://www.nps.gov/cuva/planyourvisit/conditions.htm#onthisPage-0,Towpath Trail Improvements,cuva,"Hunt House Trailhead to north end of Beaver Marsh boardwalk closed from Monday, August 17 at 7 am to Friday, September 18 at 5 pm. Weekdays only, open on weekends. Beaver marsh open and accessible via Ira Trailhead. Boston Trailhead to Lock 29 in Peninsula: August 24–November 20, 2026 and March 29–April 21, 2027.",Park Closure,[],2026-08-26 00:00:00.0
2026-08-27,E3399C63-736C-4261-95F8-DB559A6AEF79,https://www.nps.gov/care/planyourvisit/reef-ride-bike-days.htm,"Special Event: September 19 & 26, 2026 - Temporary Closures of Scenic Drive",care,"Reef Ride Bike Days: For this special event in honor of National Public Lands Day, the Scenic Drive will be closed to motor vehicles for part of the day on Saturday, September 19 and Saturday, September 26, 2026. The road will be closed to vehicles from sunrise to 3 pm to allow for bicycles and pedestrians to enjoy the road at a more leisurely pace. The main road through the park (UT highway 24) - will remain open and unaffected by this closure.",Information,[],2026-08-26 00:00:00.0
2026-08-27,73CE219E-D823-4452-A8C1-67869DC3CD1A,https://www.nps.gov/mora/learn/news/fire.htm,"WILDFIRE CLOSURES: Sunrise, White River, & northern trails.",mora,"Due to several active fires on the north side of the park, the following closures are in effect until further notice: Sunrise & White River Roads, Grand Park area & trails, Northern Loop Trail, Wonderland Trail from Carbon River Suspension Bridge to White River Campground, & associated backcountry campgrounds.",Danger,"[{'title': 'Grand Park 2 Fire Closure', 'id': '73CE219E-D823-4452-A8C1-67869DC3CD1A', 'type': 'roadevent', 'url': 'https://www.nps.gov/mora/planyourvisit/conditions.htm'}]",2026-08-26 00:00:00.0
2026-08-27,67146540-50E1-44EE-8D3A-2314B0192DDB,https://www.nps.gov/yell/planyourvisit/safety.htm#elk,Stay Away From Bull Elk,yell,"Bull elk are fast and unpredictable this time of year and can seriously injure people. If an elk charges, run. In addition to staying at least 25 yards (23 m) away from elk and bison, always stay at least 100 yards (91 m) away from bears and wolves.",Caution,[],2026-08-26 00:00:00.0
2026-08-27,61602AC6-91B8-46A9-9494-33F944F885F0,,Cedar Breaks Water Service Interruption,cebr,"Due to a water service interruption, drinking water is currently unavailable throughout Cedar Breaks National Monument. Flush toilets and campground showers are also unavailable; visitors may use the pit/vault toilets in the picnic area.",Caution,[],2026-08-26 00:00:00.0
2026-08-27,CAC59056-691F-4394-B6AC-D6451BAD4C10,,"For Visitor information or assistance, Call (334) 727-3200",tuin,"For visitor information or assistance at Tuskegee Institute National Historic Site, please call (334) 727-3200.For group reservations please call Sheryl Buchanan at (334) 421-3246.",Information,[],2026-08-26 00:00:00.0
2026-08-27,0A433099-B8D2-4000-9B2A-5FFBD148BC6A,,The Oaks Tours by Reservation Only,tuin,"The Oaks, the historic home of Booker T. Washington, is open by reservation only during an ongoing construction and preservation project. Built in 1899, the Queen Anne-style home is undergoing exterior rehabilitation work. Tours are limited to a maximum of 5 visitors per reservation. Large groups and walk-in tours will not be accommodated during this time. To make a reservation, please call (334) 727-3200 or (334) 421-3246.",Caution,[],2026-08-26 00:00:00.0
2026-08-27,372637DA-0B8C-422B-B98B-9ACF44B56C46,,Sulphur Banks Bridge Closed; Boardwalk is Open,havo,"The Sulphur Banks Bridge is damaged and closed until further notice. The Haʻakulamanu area, boardwalk and Sulphur Banks Trail are open and accessible from the west side near Steam Vents.",Park Closure,[],2026-08-26 00:00:00.0
2026-08-27,BA9DFAFF-53AF-40DD-8291-E8B52EC2236D,,Kahuku Unit Closed Until Further Notice,havo,"The Kahuku Unit is closed following Hurricane Lala which impacted the Kaʻū District the hardest. Staff are assessing damage to roads, trails and other infrastructure.",Park Closure,[],2026-08-26 00:00:00.0
2026-08-27,FADF0D0C-29B1-4DDC-A30B-4A26D4ED2337,https://www.nps.gov/glca/planyourvisit/camping.htm,Lees Ferry Campground Partial Closure,glca,The upper loop of the Lees Ferry Campground is closed for renovations. Large equipment will be paving at the Lees Ferry campground. Do not enter construction area.,Caution,[],2026-08-26 00:00:00.0
2026-08-27,487BC261-D8E4-4740-9E89-B71B9E784521,https://www.nps.gov/olym/planyourvisit/fire-conditions-and-updates.htm,Crews Responding to Mount Tom Creek and Mt. Barnes Fires,olym,Fire managers are responding to two lightning fires in a remote areas Olympic National Park. The Mount Tom Creek Fire has burned 69 acres 5 miles west-northwest of Mount Olympus. The Mt. Barnes Fire has burned 0.5 acres 1.5 miles southeast of Mt. Barnes. Firefighters are using indirect confinement tactics as part of a full-suppression strategy. Backpackers are encouraged to consider alternative routes to the Hoh River Trail should fire activity increase. There are no evacuation orders or closures.,Danger,[],2026-08-26 00:00:00.0
2026-08-27,8BD42CE6-4212-428F-AFA4-72F9B01C33A0,,Water Outage,tica,"Visitor Center Water Outage! Due to a break in the water line, water is currently unavailable at the Visitor Center, including bathrooms and drinking fountains. We apologize for the inconvenience and appreciate your patience while repairs are underway. We’ll provide an update when water service has been restored. Please plan accordingly if you are visiting the area. We recommend bringing 32oz of water per person for a cave visit.",Caution,[],2026-08-26 00:00:00.0
2026-08-27,2F66F7F7-6F8F-461B-AA58-75CA85198CC8,,Many Areas in Hawaiʻi Volcanoes National Park Now Open,havo,"The remaining storm and safety closures that remain include Mauna Loa Road beyond the gate at Kīpukapuaulu, Kīpukapuaulu Trail, Nāmakanipaio Campground and cabins, the backcountry and the Kahuku Unit.",Park Closure,[],2026-08-26 00:00:00.0
2026-08-27,0E1029F5-BA4A-4B8E-BF80-AD963170FA45,,Good Luck Road Parking Lot Closed,gree,"The Good Luck Road Parking Lot is closed. Please use the main entrance located at 6565 Greenbelt Road, Greenbelt, MD 20770.",Park Closure,[],2026-08-25 00:00:00.0
2026-08-27,8E5C80A8-445B-4B70-8262-A7522F1C293E,,Trail Maintenance Underway Near Sand Cave,cuga,Crews are using Ridge Trail from Hensley to Sand Cave Trail to complete trail work. Trails remain open; some sections may be muddy or messy.,Information,[],2026-08-25 00:00:00.0
2026-08-27,B66496B8-46A8-4F8E-A2BB-2B56AB18442A,,Guardrail Repair: Expect Construction Delays,colm,"Guardrail repair will take place from 8/25-8/28 and from 8/31-9/4. There will be no full road closures, but delays of up to 30 minutes are possible. Delays will be minimized from 6-9am and from 3:30-6pm. Work on the east side is between Devils Kitchen and Red Canyon Overlook. West side work is between the west entrance and Redlands View overlook. Please be alert for construction workers and flaggers.",Caution,[],2026-08-25 00:00:00.0
2026-08-27,1673B852-2C5D-41EF-9BA9-5A218BDA111C,,Lower Cliff Dwelling Trail Closed due to Extreme Heat Warning.,tont,"The Lower Cliff Dwelling trail will be closed Tuesday, August 25th to Friday, August 28th. The trail will reopen Saturday, August 29th at 8:00 a.m.",Danger,[],2026-08-25 00:00:00.0
2026-08-27,4220A43F-2CFD-456D-9FF0-953D3F9E0167,,Both Districts of Haleakalā are Now Open,hale,"Update 8/25/26: The Summit District of Haleakalā National Park is OPEN to the public after recovery from Tropical Storm Lala. This includes Haleakalā Crater and Hosmer Grove. Kīpahulu District, including Pīpīwai Trail, opened 8/20/26.",Park Closure,[],2026-08-25 00:00:00.0
2026-08-27,8A8EA50F-0E00-4B54-ACD8-67D9C5EC1599,,Trail Closures due to recent weather event,brca,"Wall Street, the Bryce Connector Trail (to Peekaboo Loop), Peekaboo Loop, and the Tropic Trail are closed until further notice.",Park Closure,[],2026-08-25 00:00:00.0
2026-08-27,37C010A7-48DB-4114-A79C-2214929259FA,,"Great Hall, Faneuil Hall Closures: September 2026",bost,"Due to scheduled events, the Great Hall will close early on September 2 and 11. The Visitor Center Desk on the market floor will remain open.",Information,[],2026-08-25 00:00:00.0
2026-08-27,D143C837-28F0-4759-B604-8DB084276532,https://www.nps.gov/elma/planyourvisit/driving-to-big-tubes.htm,NPS 300 Road Conditions,elma,"NPS 300 to Big Tubes has not been evaluated since the most recent rainfall. A high clearance vehicle is recommended. The road past Big Tubes is very rough and only accessible to high-clearance, four-wheel-drive vehicles.",Caution,[],2026-08-25 00:00:00.0
2026-08-27,F988CC14-1A16-4C09-A2E6-E09ED1784585,,Bison are in the Breeding Season,tapr,"A reminder that bison are going about their normal life cycle and may be more aggressive. A raised tail is a warning sign and the animal may charge or give chase. Please give a wide distance, at least 100 yards. There are other trails you may choose to hike without encountering the bison.",Caution,[],2026-08-25 00:00:00.0
2026-08-27,B127187F-76DD-4147-8AB5-CEC00AA6700D,https://www.nps.gov/goga/learn/news/larceny-from-autos-at-ggnra.htm,Auto-Theft Warning - Only Bring What You Need to the Park,muwo,"You can prevent vehicle break-ins in parking lots and scenic overlooks. Before leaving your car for even a short period of time: 1) Remove all valuables, 2) Lock your doors. 3) Take your wallets, purses, backpacks, keys, key fobs, cell phones, and electronics with you. Read article for more details.",Caution,[],2026-08-24 00:00:00.0
2026-08-27,B831CEB1-40B7-455C-9E09-644D8291FC7A,https://www.nps.gov/goga/learn/news/larceny-from-autos-at-ggnra.htm,Auto-Theft Warning - Only Bring What You Need to the Park,goga,"You can prevent vehicle break-ins in parking lots and scenic overlooks. Before leaving your car for even a short period of time: 1) Remove all valuables, 2) Lock your doors. 3) Take your wallets, purses, backpacks, keys, key fobs, cell phones, and electronics with you. Read article for more details.",Caution,[],2026-08-24 00:00:00.0
2026-08-27,6193845F-683B-49B4-901B-FC5403A53D30,https://www.nps.gov/goga/learn/news/larceny-from-autos-at-ggnra.htm,Auto-Theft Warning - Only Bring What You Need to the Park,alca,"You can help prevent vehicle break-ins in parking lots. Before leaving your car to catch the ferry: 1) Remove all valuables, 2) Lock your doors. 3) Take your wallets, purses, backpacks, keys, key fobs, cell phones, and electronics with you. Read article for more details.",Caution,[],2026-08-24 00:00:00.0
2026-08-27,B7A06513-5CF2-4CC8-9091-3B80E52C2D0B,https://www.nps.gov/goga/learn/news/larceny-from-autos-at-ggnra.htm,Auto-Theft Warning - Only Bring What You Need to the Park,fopo,"You can prevent vehicle break-ins in parking lots and scenic overlooks. Before leaving your car for even a short period of time: 1) Remove all valuables, 2) Lock your doors. 3) Take your wallets, purses, backpacks, keys, key fobs, cell phones, and electronics with you. Read article for more details.",Caution,[],2026-08-24 00:00:00.0
2026-08-27,FDC95683-8853-4829-8A84-6E7E886B1C7A,https://www.nps.gov/goga/learn/news/larceny-from-autos-at-ggnra.htm,Auto-Theft Warning - Only Bring What You Need to the Park,prsf,"You can prevent vehicle break-ins in parking lots and scenic overlooks. Before leaving your car for even a short period of time: 1) Remove all valuables, 2) Lock your doors. 3) Take your wallets, purses, backpacks, keys, key fobs, cell phones, and electronics with you. Read article for more details.",Caution,[],2026-08-24 00:00:00.0
2026-08-27,E6634686-A635-4859-9DC2-F1508DA33D9D,,Trailhead Access at Horseshoe Canyon,cany,"Due to active search and rescue operations, visitors should refrain from accessing the main Horseshoe Canyon trailhead. Hans Flat Ranger Station and The Maze district are still accessible using dirt roads from UT 24 or Green River, Utah.",Caution,[],2026-08-24 00:00:00.0
2026-08-27,43BF2886-BD18-4D76-8493-DB84AAC15767,,Abrams Falls Trail Closed,grsm,Abrams Falls Trail is closed Mondays-Thursdays through September 30 to replace aging footlog bridges and improve visitor safety. The trail will open to hikers Fridays-Sundays and on Labor Day during construction.,Park Closure,[],2026-08-24 00:00:00.0
2026-08-27,0BD7E264-1C90-40BC-9672-B81921BD324A,,Increased Logging Traffic Along Swift Brook Road,kaww,Be alert for logging trucks along Swift Brook Road between the monument boundary and the start of the Loop Road. Logging trucks will be transporting logs on Swift Brook Road to Roberts Road. Logging trucks ALWAYS have the right of way. Keep your headlights on. Never stop on roads or bridges. Pull over to the side of the road to allow trucks to pass by.,Caution,[],2026-08-24 00:00:00.0
2026-08-27,12C2A9A5-57CB-4604-84B4-DFBD08F3D92E,https://www.nps.gov/mora/learn/news/fire.htm,Pinnacle Peak Trail - Plummer Peak Backcountry Area CLOSURE,mora,"8/23/2026 - Due to active wildfire, Pinnacle Peak Trail and the surround area are CLOSED until further notice. This includes the ridge from Lane Peak to Foss Peak across the ridge and from Stevens Canyon Road to the southern park boundary. Stevens Canyon Road is NOT closed.",Danger,[],2026-08-24 00:00:00.0
2026-08-27,B6937245-8264-4E11-90C3-9FC102EA6850,https://www.nps.gov/indu/status.htm,Park Status and Updates,indu,For information on weather related updates and other park conditions like beach and hiking safety visit our park status page.,Information,[],2026-08-24 00:00:00.0
2026-08-27,EC95FA93-34FE-4113-A783-3448A5279949,,Pennsylvania Memorial Observation Deck Closed,gett,A renovation project for the nearby Comfort Station requires electrical service to be shut off. This shut off affects lighting in the spiral staircase leading up to the Pennsylvania Memorial observation deck. The staircase is now too dark to maintain visitors’ safety. The observation deck will remain closed until the Comfort Station project is complete in early-to-mid November. Note: The base of the Pennsylvania Memorial remains open to visitation during this time.,Park Closure,[],2026-08-24 00:00:00.0
2026-08-27,8DEF28E3-35C8-4A73-9B40-3C8E87E09AB1,https://www.nps.gov/indu/planyourvisit/beach-safety.htm,Water Safety Alert,indu,"After recent storms, E. coli levels are likely to reach above safe swimming standards. Entering the water after heavy rainfall is never recommended. Know before you go and always check our Beach Safety page before heading to park beaches.",Caution,[],2026-08-24 00:00:00.0
2026-08-27,385BFDA5-8B63-4983-BE1A-ED930D76F3B2,,Beat the Heat,cana,Make sure to take hot weather into consideration. Carry water and use sunscreen to reduce the risk of heat injuries during your visit.,Caution,[],2026-08-24 00:00:00.0
2026-08-27,14FA7AC6-7BF0-43D5-8875-5E17D2C4DA29,,Canaveral National Seashore: Delayed Opening Sunday August 30th,cana,"The Playalinda District of Canaveral National Seashore will have a delayed opening on Sunday, August 30, due to the Falcon Heavy rocket launch scheduled for 7:26 AM. NASA roadblocks will be established on the Max Brewer Bridge and the Haulover Canal bridge, Kennedy Parkway. Roadblocks will be lifted after successful launch or scrub. The Apollo district will open at its regular time of 6:00 AM.",Park Closure,[],2026-08-24 00:00:00.0
2026-08-27,BA92464D-E4E2-40F3-940E-52DCA4555B4B,,Campfire ban lifted parkwide,voya,"Effective August 24, 2026, at 3:00 p.m., the National Park Service has lifted campfire restrictions in Voyageurs National Park due to cooler weather and a lower risk of wildfire. The lifting of these fire restrictions aligns with changes made by the U.S. Forest Service in the Superior National Forest and the Minnesota Department of Natural Resources.",Information,[],2026-08-24 00:00:00.0
2026-08-27,F47E6AE6-6970-4188-855F-93F7B2DF0F4D,,Temporary Road Closures in Effect,orpi,"The following roads are temporary closed: West Border Road (Roosevelt Reservation) from the Lukeville Port of Entry west to Quitobaquito Springs, East Border Road (Roosevelt Reservation) from the Lukeville Port of Entry east to the Santa Rosa Mountains, and Camino de Dos Republicas. See Alerts for more info.",Park Closure,[],2026-08-24 00:00:00.0
2026-08-27,9833006C-EB4D-472D-A232-B9DE5D72D462,https://www.nps.gov/sucr/learn/news/2026-08-24-fs-545-road-closure.htm,Road Closure: Sunset Crater Volcano September 21 through October 21,sucr,"Beginning September 21, Forest Road 545 will close to all vehicle traffic starting near the intersection with Highway 89A to the Sunset Crater Volcano entrance kiosk for culvert work. Sunset Crater Volcano National Monument remains OPEN and accessible via Forest Road 545 through Wupatki National Monument. Plan for extra travel time—the drive between visitor centers is about 19 miles/30 minutes. The road is expected to reopen October 22.",Park Closure,[],2026-08-24 00:00:00.0
2026-08-27,4A31AA7D-5A72-4FF3-B833-714DBFF5D3CF,https://www.nps.gov/sucr/learn/news/2026-08-24-fs-545-road-closure.htm,Road Closure: Sunset Crater Volcano September 21 through October 21,wupa,"Beginning September 21, Forest Road 545 will close to all vehicle traffic starting near the intersection with Highway 89A to the Sunset Crater Volcano entrance kiosk for culvert work. Sunset Crater Volcano National Monument remains OPEN and accessible via Forest Road 545 through Wupatki National Monument. Plan for extra travel time—the drive between visitor centers is about 19 miles/30 minutes. The road is expected to reopen October 22.",Park Closure,[],2026-08-24 00:00:00.0
2026-08-27,4D18B12B-E625-4D7C-825A-C779A6EACCA5,https://jeffersoncountypublichealth.org/1935/Quinault-South-Shore-Rd-MP-13---CLOSED,South Shore Quinault Road Washed Out Beyond Park Boundary,olym,"South Shore Road – which is maintained by Jefferson County – is closed due to a major wash-out. For more information, visit the Jefferson County website.",Information,[],2026-08-23 00:00:00.0
2026-08-27,4BC384F9-01CD-4503-B397-C3BB9CD0A4B5,,Metcalf Bottoms Bridge is closed to pedestrians due to bridge damage,grsm,Metcalf Bottoms Bridge is closed to pedestrians due to bridge damage. Visitors will not be able to walk from the picnic area across the bridge to access the Metcalf Bottoms Trail. Parking for the trail is limited near the trailhead.,Park Closure,[],2026-08-22 00:00:00.0
2026-08-27,F7443CF9-B864-4D74-99D8-9BFCF2D2ECA3,,No Water Available at the Clarno Unit,joda,There is currently no water available at the Clarno Unit of the park. Please plan accordingly and bring water when visiting.,Information,[],2026-08-22 00:00:00.0
2026-08-27,BF5610CC-09E3-4591-81E3-60F5EEC627F2,https://www.news.uscg.mil/Press-Releases/Article/4580835/unified-command-responds-to-grounded-vessel-in-point-reyes-national-seashore/,North Beach and North Beach Road temporarily closed to visitors.,pore,"Point Reyes National Seashore has temporarily closed North Beach after a fishing vessel ran aground early on Friday, August 21st. No injuries or fuel leaks have been reported, and the National Park Service is coordinating with the U.S. Coast Guard, NOAA and Marin County Fire as the Coast Guard works to secure a contractor to remove fuel from the vessel. Visitors are asked to stay clear of North Beach while the closure remains in effect to allow first responders to work safely and without interference.",Park Closure,"[{'title': 'Temporary North Beach Closure - August 2026', 'id': 'BF5610CC-09E3-4591-81E3-60F5EEC627F2', 'type': 'roadevent', 'url': 'https://www.nps.gov/pore/planyourvisit/conditions.htm'}]",2026-08-22 00:00:00.0
2026-08-27,9D01ED0A-8C73-43A1-8E05-307AA7CD0FB9,,Great Sand Dunes Currently at Stage 1 Fire Restrictions,grsa,"As of August 18th, Great Sand Dunes is under Stage 1 Fire Restrictions. All wood and charcoal fires must be in established fire rings in designated campsites or picnic sites. No other open fires are allowed. Fires MUST BE put out COLD before leaving your site and must not be left unattended. camp stoves and other pressurized gas devices allowed.",Information,[],2026-08-22 00:00:00.0
2026-08-27,8FF27822-BCF6-4398-9C65-A9C919538717,https://dot.ca.gov/caltrans-near-me/district-9/district-9-projects-list/manzanar-pavement,Manzanar Remains Open During US 395 Pavement Project,manz,"CalTrans begins a monthslong pavement project on US 395 adjacent to Manzanar National Historic Site on Monday, May 11, 2026. Crews will be working to ensure access to Manzanar remains open, but it will be important to travel cautiously as typical access may involve detours and map apps may be inaccurate. Though work is scheduled only during weekdays, lane closures and detours will be in place throughout the week. Currently, the site may only be accessed via the south entrance.",Information,[],2026-08-22 00:00:00.0
2026-08-27,4F273C49-CEB7-4492-852E-3CCC4A5D354B,https://www.nps.gov/articles/000/algae-blooms-and-climate-change-at-curecanti.htm,Toxic Algae Found – Blue Mesa Water Quality Advisory,cure,"Cyanotoxins are currently present in the Iola Basin. Until further notice, the park recommends that no person or pet swims in, or drinks from, reservoir waters in the Iola Basin. Use caution when fishing, boating, or recreating in Blue Mesa Reservoir.",Danger,[],2026-08-21 00:00:00.0
2026-08-27,5D47099D-6424-425E-9BCC-62067A88A97B,,America the Beautiful Passes Temporary Unavailable,kimo,At this time all sales of America the Beautiful Passes are temporary unavailable. Please check https://store.usgs.gov/recreational-passes for locations. We will advise when passes are available for sale. We apologize for any inconvenience.,Information,[],2026-08-21 00:00:00.0
2026-08-27,080EC7D9-3994-498B-A2DC-F1CB9E712348,,Temporary Delays & Closures for Tennessee Valley Trails August 24 - Sept 4,goga,Road crew will be traveling to work sites via Bobcat Trail to perform repair work on a section of Coastal Trail from the intersection of Fox to the intersection of Pirates Cove Trail. Work will start on August 24 and last for approximately two weeks. 8 AM to 4 PM Monday through Friday. Once that section is complete work will start from Pirates Cove to the intersection of Tennessee Valley. Please obey closures and stay away from work sites. Signage will be posted near trail and road intersections.,Park Closure,[],2026-08-21 00:00:00.0
2026-08-27,0AB18BFC-180D-4E49-90DC-76951A96244E,https://www.nps.gov/gaar/planyourvisit/bearsafety.htm,Food-Conditioned Bear in Arrigetch Peaks,gaar,"On August 13, 2026 a brown bear entered camps and food caches in the Arrigetch Peaks area, obtaining food from a soft-sided, bag-type Bear Resistant Food Container (BRFC). At this time, we strongly recommend hard-sided BRFCs for all visitors to the Arrigetch Peaks area. Hard-sided BRFCs can be checked out at the Bettles Ranger Station. Backpackers in the area should maintain a high level of bear awareness and continue to follow best practices for camping in bear country.",Caution,[],2026-08-21 00:00:00.0
2026-08-27,DAE5399B-3B48-441C-81A8-58BBFBCE0866,https://www.nps.gov/cure/learn/news/stage-1-fire-restrictions.htm,Stage 1 Fire Restrictions in Effect,cure,"Until further notice, the following are prohibited in all park areas: (1) Building, maintaining, attending, or using wood or charcoal fires anywhere but within campground- or picnic area-provided grills or grates. (The use of gas grills and camp stoves is permitted.) (2) Smoking is prohibited, except within an enclosed vehicle or while stopped in an area at least three feet in diameter that is barren of all flammable materials. (3) Discharging or using any kind of fireworks or other pyrotechnic devices.",Caution,[],2026-08-21 00:00:00.0
2026-08-27,DA744133-85E8-47C5-B65E-C2C2B4CB5D8B,https://www.nps.gov/isro/planyourvisit/hab.htm,Harmful Algal Blooms Occurring in Lake Richie and Intermediate Lake,isro,"Blooms are tested for toxin levels and monitored. Toxin levels are consistently low on Isle Royale. It is not recommended to filter water in any areas where there is surface scum, strong odors, or other evidence of a significant bloom. Blooms move around depending on wind and rain – filter water from places where blooms are not present or a different water source. It is low risk to filter water from relatively clear areas of an impacted water source.",Caution,[],2026-08-21 00:00:00.0
2026-08-27,AA67796F-4CA7-4F13-A2EE-B33DF7EF1F24,https://www.skagitcounty.net/Departments/PublicWorksEngineering/marblemount-bridge.htm,Marblemount Bridge August-September Nighttime Closure,noca,"Skagit River Marblemount Bridge will be closed overnight for repairs August 24-September 4, Monday night-Friday morning, 8 pm-4 am. There is no access to Cascade River Road during the nighttime closure.",Park Closure,[],2026-08-21 00:00:00.0
2026-08-27,7EE84A4A-379B-4EB2-8A95-E16EFF72CFBB,,Island Mine Campground Stream Low,isro,The stream has very little water flow. Campers should bring enough water to Island Mine or plan on collecting water at Carnelian Beach to the south. ,Caution,[],2026-08-21 00:00:00.0
2026-08-27,3E0D0431-D76E-4D10-8290-DEAB7FA80B87,https://www.nps.gov/grte/planyourvisit/road-construction.htm,Construction in the South End of the Park,grte,Construction projects underway. Moose-Wilson Road between Murie Ranch and LS Rockefeller Preserve open with delays of 45 minutes in both directions. No roadside parking on Moose-Wilson Road. Expected to close 9/7. Taggart Trail detour in place. Menor's Ferry Road closed weekdays. Mormon Row area open with some construction activity.,Caution,"[{'title': 'Moose-Wilson Road and Death Canyon Trailhead Construction', 'id': '3E0D0431-D76E-4D10-8290-DEAB7FA80B87', 'type': 'roadevent', 'url': 'https://www.nps.gov/grte/planyourvisit/conditions.htm'}]",2026-08-21 00:00:00.0
2026-08-27,8FB77CA5-5D43-4C4D-B942-3B1F8B7156CF,,Gauley Tailwaters Campground Closure,gari,"The Tailwaters Campground in Gauley River National Recreation Area, located below Summersville Dam, will temporarily close from September 11 through September 28 in order to allow for more parking and better river access during the busy Gauley season.",Information,[],2026-08-20 00:00:00.0
2026-08-27,F3910894-C0BB-4798-81BE-05327A4859D8,,Mason's Branch Road Closure,gari,Mason's Branch Road will be closed for necessary safety repairs from 07/29/26 through around 09/03/26. Check back for updates.,Information,[],2026-08-20 00:00:00.0
2026-08-27,A5D1ACCF-DD02-481F-8CE1-4C014B75DBB9,,Open Season,fone,"Jumonville Glen, Mount Washington Tavern, and the Picnic Area are OPEN until October 31st. Jumonville Glen and the Picnic Area are open daily sunrise to sunset, and Mount Washington Tavern is open every day 10 am to 4 pm.",Information,[],2026-08-20 00:00:00.0
2026-08-27,017303BF-0E90-4EBF-AF5E-D3075C7C0672,,Farmington Landing CLOSED,fowa,"The National Park Service is imposing a temporary closure of Farmington Landing. This temporary closure is necessary to provide for visitor safety during a comprehensive rehabilitation project to restore park resources and improve the visitor experience. Work will include resurfacing the parking lot, replacing parking barriers, replacing trash cans with new wildlife-proof trash cans, and installing new fishing rod holders. The National Park Service appreciates the public’s cooperation in this matter.",Park Closure,[],2026-08-20 00:00:00.0
2026-08-27,01029C4A-80FA-4E53-9107-72A32A952ADA,,Amphitheater Trail temporarily closed for construction,nabr,The Amphitheater Trail is closed for ongoing construction. Visitors will not be able to use the trail between the campground and the visitor center.,Park Closure,[],2026-08-20 00:00:00.0
2026-08-27,C5BF3086-2CF1-4A49-BF6C-EE020984369C,https://www.nps.gov/voya/learn/management/upload/Closure-Order-26-003.pdf,"Dryweed Island Area Closure for Campsites, Houseboat Sites, and Day Use",voya,"Campsites, houseboat sites, and the day use sites are closed on Dryweed Island and nearby sites due to unsafe bear‑human interactions. Affected locations include Breakwater Cove, Dryweed Island, Harrison Bay, Makinen Point, Mio Beach, Stones Point, Loon Cove, Rock Shelf, Lyle Mine Island, Tango Channel, and Harrison Bay E. Overnight use and houseboat mooring are not allowed. For a full list of sites covered by the closure, click the link below:",Park Closure,[],2026-08-20 00:00:00.0
2026-08-27,4A6B7FDE-FCF5-4DF9-8AB7-FDA70BBB1CD7,,Farmington Landing CLOSED,pisc,"The National Park Service is imposing a temporary closure of Farmington Landing. This temporary closure is necessary to provide for visitor safety during a comprehensive rehabilitation project to restore park resources and improve the visitor experience. Work will include resurfacing the parking lot, replacing parking barriers, replacing trash cans with new wildlife-proof trash cans, and installing new fishing rod holders.",Park Closure,[],2026-08-20 00:00:00.0
2026-08-27,0DB71ACC-D6BB-4ECC-9984-6FC73D65C3C9,,Farmington Landing CLOSED,oxhi,"The National Park Service is imposing a temporary closure of Farmington Landing. This temporary closure is necessary to provide for visitor safety during a comprehensive rehabilitation project to restore park resources and improve the visitor experience. Work will include resurfacing the parking lot, replacing parking barriers, replacing trash cans with new wildlife-proof trash cans, and installing new fishing rod holders.",Park Closure,[],2026-08-20 00:00:00.0
2026-08-27,9F1DF9D2-1ABA-4A34-ADC4-09781A1DE49F,https://www.nps.gov/drto/planyourvisit/bush-key.htm,Seasonal Closure: Bush Key,drto,"Visitors may only access the harborside of Bush Key through Fall 2026 to protect nesting Sooty Terns, Brown Noddies, and Magnificent Frigatebirds. Boaters must maintain a distance of 100 feet from the island's mean low tide.",Park Closure,[],2026-08-20 00:00:00.0
2026-08-27,916FF8E4-41FD-4D10-9AD2-9091B349A5F2,,"Cunard, Nuttallburg Road Closures, Brooklyn CG Closure",neri,"The Cunard road is currently closed due to multiple slides, Brooklyn Campground is closed due to closure of the Cunard Road, Nuttallburg road is closed due to a washout. All closures are weather related.",Park Closure,[],2026-08-19 00:00:00.0
2026-08-27,3E189D8D-DA77-46BA-9669-13210C594BD8,,Natural Entrance Trail Closed,cave,"Due to construction in the park, the Natural Entrance trail will be closed on Wednesday, August 26 and Thursday, August 27. Elevators will be the only way to enter and exit the cavern. Sorry for any inconvenience this may cause and thank you for understanding.",Information,[],2026-08-19 00:00:00.0
2026-08-27,A9273E51-EF17-43C2-92A2-4DF03476AFB9,,Carter G. Woodson Home NHS temporarily closed — will Reopen November 2026,cawo,"The Carter G. Woodson Home National Historic Site is temporarily closed due to a full renovation project. The Grand Reopening of the site will take place on Saturday, November 7, 2026. Please continue to visit the website for future updates.",Park Closure,[],2026-08-19 00:00:00.0
2026-08-27,9C514527-4AA4-49EA-AE1C-523E5E418A2D,,Burn Ban in Park,hosp,"Due to high fire danger, Hot Springs National Park has enacted a BURN BAN, August 15, 2026. Only gas and charcoal grills are currently allowed for use in the campground and picnic areas.",Information,[],2026-08-19 00:00:00.0
2026-08-27,DD6022B2-7D4F-400F-95A4-F9765CAFCF70,,Temporary Partial Closure Redwood Creek Trail August 19 - Sept 4,muwo,"A section of the boardwalk along the Redwood Creek Trail will be closed from Wednesday, August 19 through Friday, September 4. The closure area spans from just past Cathedral Grove to the junction with the Fern Creek Trail. A detour will be in place.",Caution,[],2026-08-18 00:00:00.0
2026-08-27,49B62F08-FA66-4E5E-9011-41FD7C1B5E4A,,"Campfires, charcoal fires, or other open fires are not allowed",brca,"Bryce Canyon is in Stage 2 Fire Restrictions. No setting, building, maintaining, attending, or using of open fires of any kind in the park. This includes campfires, charcoal fires, and propane fire pits in park campgrounds. Stoves fueled by petroleum or liquid propane gas are allowed. Smoking is not permitted, except inside an enclosed vehicle. Fireworks are never permitted at Bryce Canyon National Park.",Caution,[],2026-08-18 00:00:00.0
2026-08-27,0654C13F-D0DE-41EC-BE0A-712E7AFB1C04,https://www.nps.gov/indu/planyourvisit/safety.htm,Temporary Closure - Douglas Center,indu,"The Paul H Douglas Center is closed until Wednesday 8/19, and all public programs are cancelled until further notice. Several parts of the park are inaccessible due to the weather event from August 11th. It is not advisable to go in the lake after a heavy rain. Use extreme caution when visiting as most locations have no power and are out of service.",Park Closure,[],2026-08-17 00:00:00.0
2026-08-27,E27DD296-B37D-4FA6-9A3E-88D9B010147A,,Emergency Closure of Portions of Christiansted National Historic Site,chri,"Portions of Fort Christiansvaern and portions of D. Hamilton Jackson Park are temporarily closed due to unsafe conditions. For your safety, do not enter closed or barricaded areas and follow all posted signs and staff instructions. Crews are working to secure the affected areas and restore safe public access. The closure will remain in effect until conditions are determined to be safe.",Danger,[],2026-08-17 00:00:00.0
2026-08-27,6F113A63-6DEF-4FFE-81AB-D01209881DD0,,Closure of Billy Mitchell Airport for Repaving Project,caha,"The Billy Mitchell Airport (HSE) is closed to accommodate a runway pavement rehabilitation project. The project will provide full resurfacing of paved areas, new reflective paint, and new tie-downs and anchors, improving visitor safety and enhancing the overall visitor experience.",Park Closure,[],2026-08-17 00:00:00.0
2026-08-27,8DF8B523-E5C6-4E4C-AF5B-F641F8C3B6EE,https://dualrates.com/a/r/szz/camba/trail?p6_id=103,Current East Rim Trail Status: Open,cuva,"As of Thursday, August 13, 2026, the East Rim Trail System remains open. For more information, visit the website linked below. In good conditions the mountain bike trails are open 6 am-11 pm for bikers and as posted for other trail users. In wet or hazardous conditions, the trail will close to all users to prevent damage. Be flexible; conditions may change throughout the day.",Information,[],2026-08-17 00:00:00.0
2026-08-27,FB9026E5-376F-4ECE-8B87-6B6F99FB6DFB,https://www.iceagetrail.org/Trail-Alerts,Reroute in Effect — Skunk and Foster Lakes Segment,iatr,"A reroute is in effect between Indian Valley Rd and Grenlie Rd from September 1, 2026 to January 5, 2027 due to private hunting. Bypass the closure by heading southwest, then south on N Foley Rd, and turning east on Grenlie Rd. The section between Grenlie Rd and Rieben Rd is also closed during the 9‑day gun deer season. For maps and additional details from the Ice Age Trail Alliance, follow the link below:",Information,[],2026-08-17 00:00:00.0
2026-08-27,95142C34-2717-4729-9C73-BCACEB7F70F6,https://www.iceagetrail.org/Trail-Alerts,Reroute in Effect — Thornapple Creek Segment,iatr,"The first 0.4 miles east of Thornapple Creek Rd are closed September 1–December 31 for private hunting. Bypass the closure by heading west, then south on Thornapple Creek Rd, and turning east on Gold Dust Rd. For maps and additional details from the Ice Age Trail Alliance, follow the link below:",Information,[],2026-08-17 00:00:00.0
2026-08-27,F35FEA78-F150-4B32-82C4-84E478CE7B4D,,Restrooms Closed,cacl,"Castle Clinton restrooms are closed due to a maintenance issue. At the moment, we are not able to determine when they will reopen. Additional public restrooms are available in Battery Park and at the Staten Island Ferry Terminal.",Park Closure,[],2026-08-17 00:00:00.0
2026-08-27,90F89B9B-CA3A-4D7F-A62A-F1BE78E5FC15,,Tyler Bend Pavilion Closure,buff,"Starting on January 20, 2026, the Tyler Bend Pavilion will be closed for construction on the pavilion restrooms. The Tyler Bend Pavilion parking area and Lower Launch River access remain open to the public. The Pavilion is expected to re-open no later than August 31, 2026.",Park Closure,[],2026-08-17 00:00:00.0
2026-08-27,FA5B5B82-2AFE-4785-8976-A6FE71BD9181,https://www.nps.gov/bicr/planyourvisit/construction-updates.htm,A.G Gaston Motel Closed for Construction,bicr,"The 1954 wing of the A.G. Gaston Motel is closed for renovation. Visit the Temporary Visitor Center in the Birmingham Civil Rights Institute at 520 16th St N, Birmingham, AL 35203 open Wednesday–Friday 10 am to 4 pm. The construction is expected to take 18 months. When completed the site will increase accessibility with a new elevator, new exhibits to tell the story of the building and Project C, and revitalize this historic landmark. Follow the link for more information.",Park Closure,[],2026-08-17 00:00:00.0
2026-08-27,11B01868-1FF6-4BA8-93DF-3365967824E0,,Tours by appointment unavailable on certain dates in November - January,jofi,"Tours by appointment are not available on the following dates: November: 25-27 December: 24-25, 31 January: 1",Information,[],2026-08-16 00:00:00.0
2026-08-27,D8127C6D-4344-4CBD-B6ED-A4BA8C6FD630,,Fort Spokane boat launch & day use open; Campground open with some closures,laro,"Fort Spokane Campground has re-opened to the public with minimal closures as of 8/14/2026. Sites 39, 40, 41, 50, and walk-in sites 64-68 will remain closed for the foreseeable future due to fire damage and hazard trees. Caution tape and closure signs have been posted for visitor safety. Please remain in open areas of the campground only. The Fort Spokane day use area and boat launch remain open. Please continue to use caution throughout these areas.",Park Closure,[],2026-08-14 00:00:00.0
2026-08-27,14EF11F1-31A8-4392-A88F-771F1CD79A3F,https://www.nps.gov/adam/planyourvisit/2026-tour-season.htm,Upcoming Site Closure – Adams Farm at Penn’s Hill,adam,"Starting August 24, the Adams Farm at Penn’s Hill (John Adams and John Quincy Adams Birthplaces) will close for construction on a major cultural landscape project. The entire site will be inaccessible from August 24 through the remainder of the tour season. The Visitor Center and Peace field remain open and accessible.",Park Closure,[],2026-08-13 00:00:00.0
2026-08-27,3BF4D5AB-2255-4FC8-9596-0F91891AE950,,Closures at Little Hunting Creek Bridge Aug. 14 - 17 and Aug. 21 - 24,gwmp,"Three of the four lanes on the GWMP at Little Hunting Creek Bridge will close from 6 a.m. Friday, Aug. 14, to 8 a.m. Monday, Aug. 17, and from 6 a.m. Friday, Aug. 21, to 8 a.m. Monday, Aug. 24. Only one lane will remain open during these periods. Flaggers will alternate northbound and southbound traffic through the open lane. Drivers should expect major delays during the Friday morning and evening commutes and the Monday morning commute. Allow extra time or use another route.",Park Closure,[],2026-08-13 00:00:00.0
2026-08-27,A6849236-539C-4B24-BD30-084765DDFDE1,https://www.nps.gov/semo/planyourvisit/visitorcenters.htm,Temporary Location - Selma Welcome Center Closed,semo,"Our temporary location for the Selma Interpretive Center is closed until further notice. The Lowndes and Montgomery Interpretive Centers are open Monday through Saturday from 9:00 AM to 4:30 PM. For additional information, call us at (334)877-1983 or click ""more>"" below.",Park Closure,[],2026-08-13 00:00:00.0
2026-08-27,2F801986-6885-4AD0-B868-1A20A47DAD80,,Hart Mine Road Closed,moja,Hart Mine Road Closed.,Park Closure,"[{'title': 'Hart Mine Road Closed.', 'id': '2F801986-6885-4AD0-B868-1A20A47DAD80', 'type': 'roadevent', 'url': 'https://www.nps.gov/moja/planyourvisit/conditions.htm'}]",2026-08-13 00:00:00.0
2026-08-27,3949717D-BFFD-4C84-8EC8-4B77205104D3,https://www.nps.gov/safr/getinvolved/planning.htm,Hyde Street Pier Closure,safr,Hyde Street Pier and access to historic ships will be closed to public until further notice starting 11/04/2024 in preparation for Hyde Street Pier renovation work. Limited public access to the ships is available on Saturdays and Sundays at Mare Island.,Park Closure,[],2026-08-13 00:00:00.0
2026-08-27,C19376D2-19D1-4AA0-A5D2-8E8A9BD9E9EE,https://www.nps.gov/semo/learn/news/2024-01-06-sic-closing.htm,Selma Interpretive Center Closed,semo,"The Selma Interpretive Center will remain closed to the public due to major renovations; project completion is expected in 2028. There are two other unaffected visitor centers offering services: Montgomery Interpretive Center (1521 Harris Way, Montgomery, AL 36106) Lowndes Interpretive Center (7002 US-80, Hayneville, AL 36040)",Park Closure,[],2026-08-12 00:00:00.0
2026-08-27,4C03FC29-6CD4-4927-9D33-7E1B10D7C8A9,,Closure: USS Cassin Young,bost,USS CASSIN YOUNG is currently closed due to maintenance work on Pier One in the Charlestown Navy Yard. The ship is tentatively scheduled to re-open to the public in September.,Park Closure,[],2026-08-12 00:00:00.0
2026-08-27,5A049FA0-41F8-4623-8DC8-53D8588E7982,,USS Cassin Young,bost,USS CASSIN YOUNG is currently closed due to maintenance work on Pier One in the Charlestown Navy Yard. The ship is tentatively scheduled to re-open to the public in September.,Information,[],2026-08-12 00:00:00.0
2026-08-27,1DADA2E6-D0D7-432C-93AA-D07C318C02E6,https://www.iceagetrail.org/Trail-Alerts,Reroute in Effect — Algoma Connecting Route Segment,iatr,"A reroute is in effect on the connecting route south of Algoma. The bridge over Three Mile Creek on Longfellow Rd is closed to all travel. Bypass this closure via 9th Rd and STH‑42; note that the 10th Rd bridge is also closed. This 2.7‑mile alternate route replaces 2.8 miles of connecting route. For maps and additional details from the Ice Age Trail Alliance, follow the link below:",Information,[],2026-08-12 00:00:00.0
2026-08-27,980ADA7E-9248-42E0-8785-BA1DE8DFD3FD,https://www.iceagetrail.org/Trail-Alerts,Reroute in Effect — Sturgeon Bay Segment,iatr,"A 0.1‑mile section of the Ice Age Trail between S Neenah Ave and W Yew St is closed indefinitely. Bypass this closure via S Neenah Ave and W Yew St. This 0.5‑mile alternate route replaces 0.5 miles of Ice Age Trail. For maps and additional details from the Ice Age Trail Alliance, follow the link below:",Information,[],2026-08-12 00:00:00.0
2026-08-27,91013246-8118-4840-8F69-82A0DB350846,https://www.iceagetrail.org/Trail-Alerts,Use Caution — Tisch Mills Segment,iatr,"Flooding may occur between Mill Rd. and Nuclear Rd., especially in spring or after heavy rain. A bypass is available via CTH‑B between CTH‑BB and Nuclear Rd. For maps and additional details from the Ice Age Trail Alliance, follow the link below:",Caution,[],2026-08-12 00:00:00.0
2026-08-27,FB41657C-DB56-40D4-9490-6BA7433CA781,https://www.iceagetrail.org/Trail-Alerts,Reroute in Effect — Monticello Segment,iatr,"The Stewart Tunnel is closed indefinitely pending reconstruction. The Ice Age Trail is closed at both intersections of Tunnel Rd. Follow Tunnel Rd to bypass the closure and remain on the designated alternate route. For maps and additional details from the Ice Age Trail Alliance, follow the link below:",Information,[],2026-08-12 00:00:00.0
2026-08-27,C380E82F-798C-43B7-8B19-510BB2BEDB6D,,Road damage possible throughout park,moja,Use caution when driving through Mojave National Preserve. Widespread storms have potentially flooded or damaged roads throughout the preserve.,Caution,[],2026-08-12 00:00:00.0
2026-08-27,7EAFDE25-DEEB-4789-9648-DFC1634B4C88,https://www.nps.gov/yell/learn/news/26015.htm,Select Park Rivers Closed to Fishing,yell,"The Madison, Firehole and Gibbon (downstream of Norris Campground) rivers are closed to fishing until water temperatures cool to protect the park's native and wild trout fisheries. Most other rivers and streams are open to fishing, as specified in park fishing regulations.",Information,[],2026-08-12 00:00:00.0
2026-08-27,EE8B037B-6D3D-4F11-B31E-468A04D17F09,https://www.iceagetrail.org/Trail-Alerts,Reroute in Effect — Hartman Creek Segment,iatr,"A reroute is in effect between the Emmons Creek Fishery Area and Hartman Creek State Park due to forestry operations. Follow posted signage to remain on the designated reroute. For maps and additional details from the Ice Age Trail Alliance, follow the link below:",Information,[],2026-08-12 00:00:00.0
2026-08-27,BD0ECF54-649B-46A7-A9B1-3C185F62D8E1,https://www.nps.gov/olym/learn/news/bat-tests-positive-for-rabies-at-olympic-national-park.htm,"Bat Tests Positive for Rabies, Visitors Urged to Report Potential Contact",olym,"A rabid bat was found at Olympic National Park near Staircase Bridge on August 9th. At approximately 2 p.m., the bat swooped down onto an unidentified woman and was temporarily caught in her hair. This individual is at risk for rabies and should seek healthcare immediately, as well as contact the Mason County Health Department at 360-427-9670 ext. 405. More at the link.",Danger,[],2026-08-12 00:00:00.0
2026-08-27,520AC705-7012-4B23-A388-C70EA2DC2556,,Experiencing High Temperatures in the Visitor Center,fila,While planning your visit to the site please note that we are currently experiencing some high temperatures in the Visitor Center. We apologize for any inconvenience this may cause as we work to alleviate the issue.,Caution,[],2026-08-11 00:00:00.0
2026-08-27,2958A172-A2F6-4807-9284-D40EBFD32ABA,,Expect long delays at the Hoh Rainforest,olym,"Lengthy delays are likely at the Hoh Rainforest entrance station between 7:30 AM - 5 PM. Plan ahead for a 1-3+ hour wait. When the parking lot fills, traffic is metered at the entrance station. Bring what you need for a long wait, and be mindful of not blocking entrances to businesses or homes along the road.",Information,[],2026-08-11 00:00:00.0
2026-08-27,A5793882-6117-4E05-B175-A9FD505FE6FC,,Construction Begins on Glenn-Viniard Road in Chickamauga Battlefield,chch,"Beginning August 12, Chickamauga and Chattanooga National Military Park will temporarily close Glenn‑Viniard Road between LaFayette Road and Wilder Road to support construction work in Chickamauga Battlefield. During this period, all public traffic will be prohibited on the closed portion of the road. The park expects the project to be completed by early September 2026. A temporary detour will be implemented to maintain visitor access to the designated battlefield tour routes.",Information,"[{'title': 'Construction Begins on Glenn-Viniard Road in Chickamauga Battlefield', 'id': 'A5793882-6117-4E05-B175-A9FD505FE6FC', 'type': 'roadevent', 'url': 'https://www.nps.gov/chch/planyourvisit/conditions.htm'}]",2026-08-11 00:00:00.0
2026-08-27,DD6819A6-9D93-4044-B133-45ACA1C83D88,,Lilly Bluff Overlook Decking Replacement,obed,"Decking replacement is underway at Lilly Bluff Overlook and is expected to take about six weeks. The overlook will remain open, but some sections will be temporarily closed as repairs are completed.",Information,[],2026-08-11 00:00:00.0
2026-08-27,000EEBB1-A873-4E67-9615-079CF791A9AB,,Compost Toilet Removal at KAHO,kaho,"Beginning Monday, August 10, crews will be removing the compost toilet located on the trail between the Petroglyph Boardwalk and ʻAiʻōpio. Work is expected to last approximately two weeks. The trail will remain open during this time. Visitors should use caution when passing through the work area and be aware of equipment, crews, and construction noise. Thank you for your patience and cooperation.",Caution,[],2026-08-10 00:00:00.0
2026-08-27,9F23E21C-AE75-4B66-A983-027C6A1B9D28,https://www.nps.gov/gwmp/learn/news/northbound-george-washington-memorial-parkway-lane-closures-begin-aug-10-between-spout-run-parkway-and-route-123.htm,Northbound GWMP Lane Closures Begin Aug. 10 Between Spout Run and Route 123,gwmp,Northbound lanes between Spout Run Parkway and Route 123 will close Mondays through Thursdays  from 9:30 a.m. to 2:30 p.m.  from Aug. 10 – Sept. 1 for tree maintenance.,Park Closure,[],2026-08-10 00:00:00.0
2026-08-27,5B4D8AF1-2BC3-451E-AE6F-BE081E0D4930,,Primary Phone Line is Experiencing Intermittent Service Disruptions,libi,"The primary phone line is experiencing intermittent service disruptions. If you are unable to reach staff, please email us at libi_information@nps.gov. Please understand that emails will not be answered immediately. The park's website will have the most up-to-date information.",Information,[],2026-08-09 00:00:00.0
2026-08-27,0C1E6BC0-4DD3-4C32-9EA1-E89D008D5DD7,https://www.nps.gov/isro/planyourvisit/food-storage.htm,All Backpacks Must be in Storage Area at Three Mile and Rock Harbor.,isro,"All backpacks must be stored in backpack storage areas at Three Mile and Rock Harbor campgrounds. All food and scented items are to be in the Food Storage Lockers. Containers should be kept in the Food Storage Locker when space allows or near the Food Storage Locker, do not store in tents.",Information,[],2026-08-08 00:00:00.0
2026-08-27,49358390-EBCD-415A-9605-D66238078C74,,Accessibility Lifts Out of Service at Fort Sumter,fosu,"The mobility lifts at Fort Sumter on the second and third levels are currently out of order. The bottom level of the fort, along with the water fountain, remains wheelchair accessible.",Information,[],2026-08-07 00:00:00.0
2026-08-27,CFB9FE99-282F-46E6-9620-0FE5CD3108DB,,History House at Sandy Hook Closed to the Public,gate,"The History House at Sandy Hook will be closed for maintenance from Monday August 17 through Friday August 21, 2026.",Park Closure,[],2026-08-07 00:00:00.0
2026-08-27,1AC7DB93-9B5B-4B6C-BF9D-566A509D5E74,,Heat Alert - Temperatures May Be Higher Than Forecast,pinn,"Actual temperatures in the park may be up to 6℉ (3 ℃) higher than forecasts provided by the National Weather Service (NWS). Temperatures in rocky, exposed areas may be up to 10℉ (6 ℃) hotter than the actual temperature. Please plan accordingly, stay hydrated, limit strenuous activity during the hottest parts of the day, and be prepared for extreme heat conditions.",Caution,[],2026-08-07 00:00:00.0
2026-08-27,25577CCE-2028-423A-B444-1901A865341C,https://gacc.nifc.gov/nwcc/districts/ORLFC/documents/CRLA_Fire_Ban_8_4_26.pdf,Fire Restrictions in Effect,crla,"To ensure public safety and to provide the highest degree of protection to park resources, fire restrictions are in effect until further notice.",Caution,[],2026-08-07 00:00:00.0
2026-08-27,3B7359FF-3496-4CAC-BDCD-7BED4D88CF53,,Air Quality Impacted by Wildfire Smoke,glac,"Smoke from regional wildfires is affecting air quality in the park. When air quality is a concern be sure to: 1) monitor air quality and smoke forecasts 2) assess your own sensitivity to poor air quality, and the sensitivity of others in your group and 3) adjust outdoor activities as needed. Find out current air quality conditions at https://fire.airnow.gov.",Caution,[],2026-08-07 00:00:00.0
2026-08-27,95337116-5117-4A84-9CBE-400EC5C3D436,,Rend Trail Closed through December 2027,neri,"The Rend Trail is closed for trail Improvements that will include a new parking area, restroom, and a small picnic area overlooking Arbuckle Creek at the Minden trailhead, structural improvements to five historic railroad trestles along the trail, and full trail surface rehabilitation. Additionally, construction of a large accessible ramp over the ‘big rock’ will replace a stairway, resulting in the only fully accessible earthen surface trail located within the park.",Information,[],2026-08-06 00:00:00.0
2026-08-27,376DEA86-635F-47D8-8576-0D02CEBB5438,,Fire Ban in Effect,sajh,"Effective Thursday, August 6 building, maintaining, attending, or using a fire, or campfire, charcoal grill, tiki torches, incense burners, candles, propane campfire, wood burning stoves, and devices using pressurized liquid or gas is prohibited. This includes the designated fire rings at South Beach. Propane fire pits are not allowed during the ban.",Park Closure,[],2026-08-06 00:00:00.0
2026-08-27,8CEBCB9B-9144-4868-84B0-AB3330932BB8,,Full Burn Ban Begins August 7,olym,"Due to increased fire activity and dry vegetation, all campfires will be prohibited starting on August 7. This includes wilderness, backcountry, non-developed and developed areas, and coastal beaches. Propane and gas stoves are allowed, if operated at least three feet away from flammable vegetation and forest litter.",Caution,[],2026-08-06 00:00:00.0
2026-08-27,39588841-35E4-456D-80E0-192D0F295883,https://www.nps.gov/goga/learn/management/fire_beachfireregs.htm,"Ocean Beach Fire Season in Effect through October 31, 2026",goga,"Fires allowed ONLY in park provided concrete fire rings between Stairwells 15 and 20. Do NOT make fire rings using rocks, logs or other items. When the Bay Area Air Quality Management District declares a Spare the Air Day, NO campfires, beach fires, or outdoor grills are allowed in the park. For more information, visit the beach fire regulations link below.",Information,[],2026-08-06 00:00:00.0
2026-08-27,DF381D66-D1B0-4097-AA24-E18AEF4D0CD2,https://www.nps.gov/elma/planyourvisit/el-calderon-trail-closed.htm,El Calderon Trail closed for construction through September 2026,elma,"The El Calderon Trail and parking area are closed from August 2025 through September 2026 for a major improvement project. NPS Road 100 will remain open for local traffic only, and the Continental Divide Trail will remain open for CDT thru-hikers.",Park Closure,[],2026-08-05 00:00:00.0
2026-08-27,48E26F06-E9A8-4301-8457-E5B63C0A38BA,https://fire.airnow.gov/#9.39/48.9858/-121.0721,Smoke from Wildfires May Affect Air Quality,noca,Smoke from wildfires is to be expected with active fires across the region.Take precautions when recreating outdoors when heavy smoke is present.,Danger,[],2026-08-04 00:00:00.0
2026-08-27,73B184A1-9946-494C-BCA2-24ED40224C68,https://www.nps.gov/caha/learn/news/cape-hatteras-national-seashore-announces-temporary-beach-and-swimming-closure-for-dare-county-groin-repair-project.htm,Project Safety Closure in Place Near Southernmost Groin in Buxton,caha,"Public access is closed for 300 feet north and south of a groin repair project site in Buxton, as well as the adjacent ocean area to the east. Surfers, swimmers, and all other recreationists should stay at least 300 feet from the southernmost groin area for safety purposes.",Park Closure,[],2026-08-04 00:00:00.0
2026-08-27,9F57CA42-009D-419A-9B05-8A7CFD41857B,,44 Creek Bridge Failure,redw,"44 creek bridge is closed due to damage identified by a Federal Highway inspection team. This bridge is north of 44 Camp, approximately 7 miles south of the Redwood Creek trailhead and about 1 mile north of the Tall Trees river crossing. All trails remain open in the area, but crossing this ravine is dangerous and not advised. Hikers should plan to take alternative routes to 44 Camp, which will add at least 3.5 miles from Redwood Creek Trailhead. Stop by a visitor center for more information.",Information,[],2026-08-04 00:00:00.0
2026-08-27,9DC92F1A-5740-4265-8F87-F66D54368719,,Temporary Closure of the Llyod W. Smith Gallery in the Museum,morr,The Llyod W. Smith Gallery will be closed temporarily due to construction. All other exhibits will remain open.,Information,[],2026-08-04 00:00:00.0
2026-08-27,C434606A-9214-4FA1-8707-6E83C8AC66BB,,"McQueen's Island Trail Closed Beginning August 3, 2026",fopu,"The McQueen's Island Trail will close for a Chatham County restoration project beginning August 3, 2026.",Park Closure,[],2026-08-04 00:00:00.0
2026-08-27,2BCA0BE9-9B80-4D86-846A-16A34C9AF0D3,,Fleener Chimney Area Closed,labe,"Due to increased wasp activity the Fleener Chimney is closed effective August 3, 2026, until further notice.",Information,[],2026-08-04 00:00:00.0
2026-08-27,A51E772D-0A43-4171-8C5B-E44A8EB986B7,https://wasmoke.blogspot.com/,Air quality impacted by wildfire smoke.,mora,"Smoke from regional wildfires is affecting air quality in the park. When air quality is a concern: 1. monitor air quality and smoke forecasts; 2. assess your own sensitivity to poor air quality, and the sensitivity of others in your group; 3. adjust outdoor activities as needed.",Caution,[],2026-08-03 00:00:00.0
2026-08-27,2122C1B1-4057-46A2-A83C-059AD8FEAD1F,,Jamaica Bay Wildlife Refuge Visitor Center Phone Out of Order,gate,"The Jamaica Bay Wildlife Refuge Visitor Center phone line (718-318-4340) is not working at this time. Please monitor social media (Instagram and Facebook) or contact our general park information line at 718-354-4606 or Gateway_feedback@nps.gov for program or other park updates. For emergencies, call U.S. Park Police dispatch at 718-354-4700.",Information,[],2026-08-03 00:00:00.0
2026-08-27,13F1349E-127F-4D20-8F57-0881B268EA4E,https://www.nps.gov/natr/planyourvisit/road-and-site-status.htm,Current Park Closures,natr,"Closures may occur due to inclement weather, construction projects, or other emergency conditions. Please visit the linked page for information about current closures.",Park Closure,"[{'title': 'Road Construction', 'id': '13F1349E-127F-4D20-8F57-0881B268EA4E', 'type': 'roadevent', 'url': 'https://www.nps.gov/natr/planyourvisit/conditions.htm'}]",2026-08-03 00:00:00.0
2026-08-27,275E18E1-7307-43B0-8F70-16DEFD9A85F3,https://www.nps.gov/whho/learn/management/rod_august26.htm,Temporary Closure of Park Areas at the Request of US Secret Service,whho,"At the request of the United States Secret Service and to ensure necessary security and safety for the adjacent White House complex and its occupants, several designated areas of President's Park will be temporarily closed from approximately 12:00 a.m. on Saturday, August 1, 2026, until approximately 11:59 p.m. on Monday, August 31, 2026. For a closure map and more detailed information, please follow the link below.",Information,[],2026-08-03 00:00:00.0
2026-08-27,BA00520C-5B37-4F97-AD3B-4AE33BD7FD84,https://www.airnow.gov/?,Smokey air from local wildfires,laro,Current air quality is being influenced by local fires and can change in an instant. Check https://www.airnow.gov/ for specific air quality index (AQI) information for your favorite spot at Lake Roosevelt National Recreation Area.,Caution,[],2026-08-02 00:00:00.0
2026-08-27,985C7063-AEBF-43F8-892C-507F668F3EBE,,Lindenwald Opens for 2026 Season,mava,"Lindenwald Tours – 2026 Season Lindenwald is open for tours Friday–Sunday at 10 AM, 11 AM, 1 PM, and 3 PM. Tours are first-come, first-served. Monday–Thursday: grounds are open, but no tours are available. Park stamps, and restrooms are available in the Visitor Center.",Information,[],2026-08-01 00:00:00.0
2026-08-27,D9327011-09F7-44D6-AB62-F90BB6C6DB08,,Accessible Lift Inoperable at Parsonage,hart,The accessible wheelchair lift for the Parsonage building is undergoing maintenance as of 7/10/26. Visitors who are unable to use stairs may not be able to enter the parsonage until this issue is resolved.,Information,[],2026-07-31 00:00:00.0
2026-08-27,E57A3155-B36D-4E7C-A6CE-1621EE8AD255,,Stage 1 Fire Restrictions,para,"Stage 1 fire restrictions in effect as of July 31, 2026. Use of portable gas stoves is permitted. Prohibited Actions: No open fires, No smoking outdoors within 3 feet of vegetation, No welding or similar devices, No flares, fireworks, etc.",Caution,[],2026-07-31 00:00:00.0
2026-08-27,2E97BE40-8A45-449F-98DA-8B51DAE0DC99,,Scam Warning: Book Ferry Tickets Through Authorized Concessioner Only,fosu,The National Park Service is aware of fraudulent websites selling invalid ferry tickets to Fort Sumter and Fort Moultrie National Historical Park. Valid ferry tickets can only be purchased through the park's authorized concessioner at www.fortsumtertours.com. Visitors should carefully verify the website address before purchasing tickets. Tickets purchased through unauthorized websites are not valid and will not be honored.,Information,[],2026-07-31 00:00:00.0
2026-08-27,B0B0DF1C-919D-4A00-BEDF-BDF358197C3B,https://www.nps.gov/grte/planyourvisit/road-construction.htm,Construction on North Park Road,grte,Construction underway on North Park Road between Leeks Marina and Lizard Creek Campground. 15-min delays both directions 6am-9pm / 1-hour delays both directions 9pm-6am. The section of road is about 7 miles north of Colter Bay and 11.5 miles south of Yellowstone.,Caution,"[{'title': 'North Park Road Construction', 'id': 'B0B0DF1C-919D-4A00-BEDF-BDF358197C3B', 'type': 'roadevent', 'url': 'https://www.nps.gov/grte/planyourvisit/conditions.htm'}]",2026-07-31 00:00:00.0
2026-08-27,C09D6CAE-1916-4981-B9C2-6AD984FCDD60,https://www.nps.gov/chis/planyourvisit/santa-rosa-island-fire-recovery.htm,Parts of Santa Rosa Island Closed During Wildfire Recovery,chis,"Santa Rosa Island reopens to limited day use on July 1. No overnight visits are allowed. Burned areas, including Water Canyon Campground, remain closed through at least September 15. Click the more link for additional information.",Park Closure,[],2026-07-31 00:00:00.0
2026-08-27,36590B99-15D6-447E-B75A-0ED2129EA1A4,https://experience.arcgis.com/experience/6e4c7a39582643f1af9e437cebb50a12,Partial Beach Closures in Place in Front of Buxton Village,caha,"The beachfront in front of Buxton Village is temporarily closed due to the presence of threatened oceanfront structures and Dare County's beach nourishment project. Renourished sections of beach will open to the public immediately after construction activities conclude in the areas, generally within 24 hours.",Park Closure,[],2026-07-31 00:00:00.0
2026-08-27,2663F33B-15FC-40CE-8508-4179CA04097D,https://www.nps.gov/labe/learn/management/closure-order-26-001.htm,Fire Restrictions in Effect,labe,"All campfires and open flames are prohibited throughout the monument, including in Indian Well campground. Devices that burn wood, charcoal, pellets or biomass are not allowed. Gas or pressurized stoves (propane, butane or similar are permitted if they have a shut-off valve.",Caution,[],2026-07-31 00:00:00.0
2026-08-27,5C320303-369F-42C5-B441-CED863E56495,https://www.nps.gov/lavo/planyourvisit/weather.htm,Juniper Lake Campground Closed,lavo,The Juniper Lake Campground and day use area is currently closed for maintenance and campground improvement projects. Potable water is not available in the campground. The Juniper Lake Road (access to lake and trailheads) is open. Please drive with caution as road crews and contractors may be actively working along the roadway.,Information,[],2026-07-31 00:00:00.0
2026-08-27,827C7B8F-55A8-4BED-B40E-D033F1E2125A,,Fire Restrictions in Effect,lavo,"Due to high fire danger, fire restrictions are in effect in all areas of Lassen Volcanic National Park. Building, maintaining, attending, or using open fires, campfires, or stove fires is prohibited, including charcoal. Self-contained propane or petroleum camp stoves are permitted.",Caution,[],2026-07-31 00:00:00.0
2026-08-27,FC885941-6FFC-4C86-AB7B-5E0A4C8DB17C,https://www.nps.gov/labe/learn/management/closure-order-26-002.htm,Schonchin Butte Closure,labe,"Schonchin Butte Road and Trail are closed to all traffic when the gate is closed, due to maintenance work occurring at the fire lookout.",Information,[],2026-07-31 00:00:00.0
2026-08-27,27C16477-FFB3-4393-AD5F-AD3652D07A7B,https://www.nps.gov/places/root-glacier.htm,Alternate Route for Access to Root Glacier,wrst,"The old route to access Root Glacier is no longer safe due to unstable ground. An alternative, new route exists past the Amazon Creek. Seek information at the visitor center or news release webpage.",Caution,[],2026-07-31 00:00:00.0
2026-08-27,58039DA9-4BF2-4A3B-BBE5-D156C3A25994,,Washington Monument closed one day each month for maintenance,nama,BY MONTH 2026 CLOSURE DATES JANUARY8 (THU) FEBRUARY3 (TUE) MARCH4 (WED) APRIL6 (MON) MAY7 (THU) JUNE2 (TUE) JULY8 (WED) AUGUST3 (MON) SEPTEMBER16 (WED) OCTOBER5 (MON) NOVEMBER4 (WED) DECEMBER8 (TUE),Information,[],2026-07-30 00:00:00.0
2026-08-27,1823E1A5-66D5-4FFC-B7FF-C6E7D54B7E74,,Washington Monument is closed for maintenance one day each month,wamo,The monument is also closed for the holidays on July 4 and Dec 25 each year. BY MONTH 2026 CLOSURE DATES for Maintenance. JANUARY8 (THU) FEBRUARY3 (TUE) MARCH4 (WED) APRIL6 (MON) MAY7 (THU) JUNE2 (TUE) JULY8 (WED) AUGUST3 (MON) SEPTEMBER16 (WED) OCTOBER5 (MON) NOVEMBER4 (WED) DECEMBER8 (TUE),Information,[],2026-07-30 00:00:00.0
2026-08-27,C264C33A-C17C-4D3E-ACC8-DE76163B2CEE,,Fire Restrictions,orca,"Due to the continued fire danger in Southern Oregon, Oregon Caves National Monument and Preserve has instituted a full fire ban. To ensure public safety and to provide the highest degree of protection to park resources, the Fire Ban prohibits Campfires. Wood and charcoal fires are NOT allowed in Oregon Caves National Monument and Preserve.",Danger,[],2026-07-30 00:00:00.0
2026-08-27,1F35F822-8AC7-4922-8BAF-C9D80D5AB70E,,Lifeguards at Herring Cove Beach Weekends ONLY,caco,Lifeguards will be present at Herring Cove Beach on weekends ONLY until August 23. Pay attention to signage and swim at your own risk on weekdays.,Caution,[],2026-07-29 00:00:00.0
2026-08-27,5A4DDBAB-3D92-472D-A38A-C2EBF3E9BA7A,,Fire Ban,ciro,City of Rocks is under fire restrictions effective 07/30/26 until further notice. Campers MAY NOT have a wood campfire. Campers MAY NOT use a self-providing gas-fueled fire ring. Campers MAY NOT use charcoal. Campers may use gas-fueled grills/stoves for cooking.,Danger,[],2026-07-29 00:00:00.0
2026-08-27,242DC728-7BD3-46D6-B3AD-AFF46852B76D,https://www.facebook.com/share/p/1HZoom3uMr/,"Dingmans Falls Trail, Road, and Access Closed for Bridge Replacement",dewa,"Dingmans Falls site is closed for a bridge replacement project and trail rehabilitation. All traffic, including pedestrian, cyclist, and vehicle traffic, is prohibited on the road and trail during construction.",Park Closure,"[{'title': 'Dingmans Falls Road Bridge Replacement', 'id': '242DC728-7BD3-46D6-B3AD-AFF46852B76D', 'type': 'roadevent', 'url': 'https://www.nps.gov/dewa/planyourvisit/conditions.htm'}]",2026-07-29 00:00:00.0
2026-08-27,DE62B81B-5FFC-4742-A7C6-F4895FAC3DAC,https://www.nps.gov/apis/learn/infrastructure-projects.htm,Construction Activity at Meyers Beach; Visitor and Kayak Access Maintained,apis,"Construction has begun on the Meyers Beach Access Path Project. Access to the beach and parking lot will remain open, but visitors should expect construction noise and closed lawn areas for staging. Kayak groups should move gear directly to the beach to reduce congestion. The project will upgrade the existing staircase to include a universally designed path, improving access to the beach and kayak launch for all visitors.",Information,[],2026-07-28 00:00:00.0
2026-08-27,73D12AFD-DF05-4BBD-84A1-871BACB6727C,,Stage 2 Burn Restrictions,deto,"All campfires are prohibited. Devices using pressurized liquid or gas (stoves, grills or lanterns) that include shut-off valves are permitted when used in an area at least three feet or more from flammable material such as grasses or pine needles. Smoking is only allowed in an enclosed vehicle.",Danger,[],2026-07-28 00:00:00.0
2026-08-27,9106B54E-9E68-4058-B3DE-B95AC3F22B1F,https://www.nps.gov/cany/planyourvisit/grand_view_point_construction.htm,Grand View Point Closed for Construction Weekdays July 27 to Oct 1,cany,"Grand View Point Overlook, Grand View Point Trail, and 0.3 mi (0.5 km) of park road is closed Monday to Thursday. The closure applies to all uses, including vehicles, tour buses, motorcycles, bikes, & hikers. Parking is open but limited Friday to Sunday.",Park Closure,"[{'title': 'Grand View Point Construction', 'id': '9106B54E-9E68-4058-B3DE-B95AC3F22B1F', 'type': 'roadevent', 'url': 'https://www.nps.gov/cany/planyourvisit/conditions.htm'}]",2026-07-28 00:00:00.0
2026-08-27,BF7EACB0-BD8C-49C2-B675-6E79E8202597,https://www.nps.gov/choh/planyourvisit/byron-bridge.htm,Bridge to Maryland Heights & C&O Canal CLOSED,hafe,"The NPS is rehabilitating the stairway connecting the Goodloe Byron Memorial Footbridge to the C&O Canal NHP towpath. The stairway will be CLOSED beginning July 27 for approximately one month while crews install the new stairwell. A shuttle will run between C&O Canal Lock 34 and Harpers Ferry National Historical Park Visitor Center. This will impact access to Maryland Heights, the Appalachian NST, and the Potomac Heritage NST.",Park Closure,[],2026-07-27 00:00:00.0
2026-08-27,568708BE-1D0B-42A8-8EC5-489FB0D2D5C4,,Jockey Hollow Outer Blue Loop and a Section of Primrose Trail Closed,morr,"Following storms on 7/3/2026, many park trails were closed due to blowdown of trees and hazardous conditions. As of 7/27/2026 most trails are passable. The Mount Kimble Trail (Outer Blue Loop) remains closed as well as a section of the Primrose Trail (Red Trail). Please check in at the Visitor Center for more information and take caution as summer storms continue to cause tree falls. Report any fallen trees to a Park Ranger.",Caution,[],2026-07-27 00:00:00.0
2026-08-27,3F3B95CA-0256-47E8-9964-0D85ECE429DA,,Passaic River Bridge Trail (Teal Trail) Closed,morr,The Passaic River Bridge Trail is closed between Tempe Wick Road and the Cross Estate in the New Jersey Brigade area due to construction of a new bridge.,Caution,[],2026-07-27 00:00:00.0
2026-08-27,7EF3C4AE-4A5C-432A-83D3-D62231362FD1,https://www.nps.gov/articles/monsoon-season.htm,Monsoon Season & Flash Floods,care,"Heavy rains can cause sudden flooding, especially in canyons and washes. Do not drive or hike through flood waters. Get to high ground and wait for floods to subside. Some roads may close temporarily; closures are posted at the visitor center.",Caution,[],2026-07-27 00:00:00.0
2026-08-27,DD70ECD9-3888-4DCC-9CC5-6C5D7BE668DD,,Trail update 7/25/26,nisi,Most trails are open and ready for the public. Those that remain closed are the Charleston Road/ Goudey Trail past the Cherokee Path and the portion of Cherokee Path between the stockade fort and the Charleston Road.,Information,[],2026-07-24 00:00:00.0
2026-08-27,BF757F0C-4E24-4552-8709-D17C8AB79BDD,https://www.nps.gov/cavo/planyourvisit/volcano-top-access.htm,Bicycles and Pedestrians now allowed on Volcano Road,cavo,"Capulin Volcano Highway is now a roadway shared by multiple users that include vehicles, hikers, bikers, walkers and runners. Dogs on a minimum 6-foot leash are also allowed on the roadway. Be watchful of others that are present on the highway. Follow the new traffic flow signs and keep vehicle and bicycle speeds at the posted speed limits of 20 mph in general and 10 mph in the S curves. Let’s all stay safe!",Caution,[],2026-07-24 00:00:00.0
2026-08-27,137EB9A7-57A2-4AC7-8284-9DAC18E1E777,,Trail Closure,elmo,A portion of the Headland Trail is closed due to ongoing restoration work. Access to the trail will now close at 2:30 pm daily. All hikers must be off the trails by 4:45 pm.,Park Closure,[],2026-07-24 00:00:00.0
2026-08-27,9BDEB905-90A5-4DAA-8941-310558C7C449,,Temporary Emergency Fire Closure,wica,"Open fires of any kind, including charcoal fires, are prohibited until conditions improve. Smoking is prohibited except for in vehicles or buildings where indicated. Use of gas stoves is permitted in areas that are clear of flammable materials.",Caution,[],2026-07-24 00:00:00.0
2026-08-27,67946AE4-E4E7-40A2-AAF2-C22BF099D901,,Visitor Center Open at 419 Decatur Street,jazz,"The New Orleans Jazz NHP & Jean Lafitte NHP&P have a combined French Quarter Visitor Center at 419 Decatur Street. Open Tuesdays through Saturdays, 9:30 am to 4:30 pm. Calendar for events: https://www.nps.gov/jazz/planyourvisit/calendar.",Information,[],2026-07-23 00:00:00.0
2026-08-27,62447C24-9161-4FBC-8195-18245C4D4B43,,Partial Trail Closure,foun,"The crossover trail through the center of the historic area, near the flagpole, is temporarily closed for safety. The remainder of the main park trail is open.",Caution,[],2026-07-23 00:00:00.0
2026-08-27,A6CF2144-967D-4183-A5CA-A36FD98D16CA,https://www.nps.gov/lake/planyourvisit/harmful-blue-green-algae-blooms-habs.htm,Harmful Algae Bloom,lake,"A Harmful Algae Bloom has been confirmed in recent water samples taken from the Nelson's Landing and the Cottonwood Cove areas on Lake Mohave. To reduce health risks, the National Park Service recommends recreators limit body contact with these waters when algae is present. Please click here for pictures of this dangerous cyanobacteria and contact the Park at 702-293-8990 for updates on this advisory.",Caution,[],2026-07-23 00:00:00.0
2026-08-27,A2BF5A1C-7C81-4671-9533-5D2478C81FDD,,Outer Island Nighttime Closure,apis,Outer Island is closed to all use from 10 PM to 6 AM due to bear activity and food‑storage concerns. Day use is permitted outside these hours. The closure remains in effect until further notice to protect visitor safety and support ongoing wildlife management.,Park Closure,[],2026-07-22 00:00:00.0
2026-08-27,DEB1C85B-4376-4596-AB05-26FDE5D2ABE9,,Trail Closure - Dunewood Trace,indu,"Temporary closure of the Dunewood Trace trail (2.2 miles), between Kemil Rd, and the Dunewood Campground (near the recycle bins), is now in effect until further notice due to construction of the new Marquette Greenway trail.",Park Closure,[],2026-07-21 00:00:00.0
2026-08-27,58E30F52-2D8A-44AE-902D-651FA61A04F4,,Upper Fort Mason Roads and Parking Area Closures Fall 2025 - Fall 2026,goga,Roads and parking areas at upper Fort Mason will have closures during utilities and seismic retrofit projects. Closures planned Fall 2025 through Fall 2026. Lots will be fenced and used as staging areas for projects occurring at Fort Mason. Signs will be posted in advance of utilities work as project progresses through each area at Fort Mason. Read signs and do not park in posted areas. Vehicles will be towed at owner's expense.,Information,"[{'title': 'Parking Closure of Fort Mason Lots Until December 2026', 'id': '58E30F52-2D8A-44AE-902D-651FA61A04F4', 'type': 'roadevent', 'url': 'https://www.nps.gov/goga/planyourvisit/conditions.htm'}]",2026-07-21 00:00:00.0
2026-08-27,A2DCF69D-7DF0-44A3-83DD-0E9F907B6ED2,,8/3/26 - 8/28/26 Closure at Devils Kitchen Picnic Area Parking Lot,colm,"From 8/3/26 to 8/28/26, contractors will be repairing and replacing the waterline at Devils Kitchen Picnic Area and parking lot. The restrooms, water, and parking area will be closed throughout the duration of the project. Access to Serpents Trail will remain open at the Devils Kitchen Trailhead.",Caution,[],2026-07-21 00:00:00.0
2026-08-27,497D6D31-31DF-445C-ADE7-6F490532FBB7,,No Lifeguards at Race Point Beach,caco,There are no lifeguards on duty at Race Point Beach. Swim at your own risk.,Caution,[],2026-07-21 00:00:00.0
2026-08-27,E38BA54D-ABA6-421D-885E-564DDDED1FB6,,Construction for Seawall Project,casa,"Starting July 27, 2026, Castillo de San Marcos National Monument will begin construction to replace, raise and rehabilitate the park’s failing seawalls. The historic fort will remain accessible throughout the project. Some areas outside of the fort will be closed for safety.",Park Closure,[],2026-07-21 00:00:00.0
2026-08-27,248106C7-276C-4F83-BCEE-B4F7D2A3961C,,"LBJ Ranch Reopened Sunday, July 19.",lyjo,"Following the flooding which took place July 16, the LBJ Ranch reopened for normal operational hours (9am to 5pm) on Sunday, July 19. The ranch driving route is fully open, and visitors will be able to enter the Junction School and Showbarn as well as view the cemetery and walk to the Reconstructed Birthplace. The sites in the Johnson City District of the park remain open; this includes the national park visitor center and Boyhood Home.",Information,[],2026-07-21 00:00:00.0
2026-08-27,814A1150-8BC2-4A64-816A-7DF0DEBED4A3,,Stockton Island Trail Access,apis,"The trail between Presque Isle Bay and Quarry Bay on Stockton Island is open, but a footbridge on the western portion of the trail was washed out in a 2024 storm. Visitors must wade through shallow water or take an alternate route.",Information,[],2026-07-20 00:00:00.0
2026-08-27,168CEA1E-8250-4E61-8650-8211CD945931,,Ongoing Closure Notices,apis,Devils Island dock and campsites and West Bay Club on Sand Island are closed. These closures affect only a small portion of the Lakeshore. Enjoy your visit.,Information,[],2026-07-20 00:00:00.0
2026-08-27,3F04180C-5AA0-4048-AC57-6C14015F5353,,Home of FDR - Partial Closure of Rose Garden,hofr,"The planting beds, lawns, and paths of the Rose Garden will be under construction from late March 2026 lasting through fall of 2026. This rehabilitation will restore the crisp, level character of the garden, improve access and infrastructure, and re-install historic rose and peony varieties. During this period, the Burial Site viewing area should remain available, but occasional disruptions may restrict public access. The graves, marble monument, pet graves, and sundial will not be impacted by this project.",Park Closure,[],2026-07-19 00:00:00.0
2026-08-27,7FC77F61-701D-4AB6-90CB-267AB0210C34,https://forecast.weather.gov/MapClick.php?lon=-111.833&lat=34.612,Visiting During Monsoon Season (July-September),moca,All park trails are closed for 30 minutes following any lightning strikes five miles or less from the park. This includes Montezuma Well and the trail to see Montezuma Castle. Please check the forecast ahead of your visit.,Caution,[],2026-07-19 00:00:00.0
2026-08-27,33D12A25-9DDF-4C6F-8AEF-C58C9E63FD83,https://forecast.weather.gov/MapClick.php?lon=-112.028&lat=34.77,Visiting During Monsoon Season (July-September),tuzi,All park trails are closed for 30 minutes following any lightning strikes five miles or less from the park. This includes the Pueblo Trail and Tavasci Marsh Trail. Please check the forecast ahead of your visit.,Caution,[],2026-07-19 00:00:00.0
2026-08-27,7589A798-3B7A-4618-9049-68F2989DDE60,,Visitor Center Contact Phone Down,thrb,"The Theodore Roosevelt Birthplace contact phone, (212) 260-1616, is currently experiencing issues. Rangers may not be able to receive your call. For questions, please email thrb_info@nps.gov.",Information,[],2026-07-18 00:00:00.0
2026-08-27,7663D1C1-26C8-490F-8756-79E9BE2786D5,,East Portal Road,cure,"Until further notice, East Portal Road and campground are closed due to flood damage.",Park Closure,[],2026-07-17 00:00:00.0
2026-08-27,B70D3A9B-5FDF-4C98-AE31-CA7D5D07C5EA,,East Portal Road,blca,"Until further notice, East Portal Road and campground are closed due to flood damage.",Park Closure,[],2026-07-17 00:00:00.0
2026-08-27,CFEE4433-37C3-4DFC-832A-E842CE2318A2,,Poor Air Quality,joda,Due to wildfires in the region around the park visitors should expect varying levels of poor air quality due to smoke. For current air quality check the fire and smoke map here: https://fire.airnow.gov/,Caution,[],2026-07-17 00:00:00.0
2026-08-27,52D6F190-9C36-4446-912A-969E6F8BACC2,,No Water Available at Ok-A-Beh Marina - Flushing Restrooms Closed,bica,"Due to a water shortage, flushable toilets are currently unavailable at the Ok-A-Beh Marina. Vault toilets are available at the upper parking lot and a floating restroom is available on the courtesy dock.",Park Closure,[],2026-07-17 00:00:00.0
2026-08-27,B6110CF6-03E2-404E-95BD-93810C1B8263,,Construction at Blow-Me-Down Mill,saga,The area around the Blow-Me-Down Mill and Dam are temporarily closed through August due to work to repair and reinforce the foundation of the Blow-Me-Down Mill. ,Park Closure,[],2026-07-16 00:00:00.0
2026-08-27,261E9D58-2E1F-474C-B636-5B33414682B3,https://home.nps.gov/apis/learn/infrastructure-projects.htm,Construction Activity at Little Sand Bay; Boat and Kayak Access Maintained,apis,"Construction for the Little Sand Bay Marina Rehabilitation Project begins May 1. The Town of Russell boat launch and the NPS kayak beach will remain open, with short detours around work areas. Expect reduced parking, delays, and increased noise. The Little Sand Bay Visitor Center will be closed in 2026 due to construction.",Information,[],2026-07-15 00:00:00.0
2026-08-27,B4BC63A0-752E-40B6-BD80-3EE3E6D82DC8,,Sculptor's Studio Heat Advisory,moru,The Sculptor’s Studio may close temporarily during periods of high heat to protect visitors and staff. Please check with park staff upon arrival for the most up‑to‑date information on whether the Studio is open or closed.,Information,[],2026-07-15 00:00:00.0
2026-08-27,84711631-8024-4895-8EB1-D943BA5A163A,,Avoid Water Contact at Sand Beach Lagoon (Not for Sand Beach),acad,Bacterial levels have exceeded public health standards at Sand Beach Lagoon and a Public Health Advisory has been posted. The public is advised against swimming at this beach until bacterial levels return to healthful levels. (Not for Sand Beach.),Caution,[],2026-07-15 00:00:00.0
2026-08-27,091F1DC9-475E-4617-8091-03FC924937F4,,Bighorn Lake Elevation is Below 3625ft,bica,"When lake levels are below 3625, boaters are advised to avoid areas south of Horseshoe Bend and the South Narrows due to low water levels. Throughout the year, lake water levels fluctuate greatly. Hazards and launching abilities change with the water levels. Please use caution when recreating on Bighorn Lake.",Caution,[],2026-07-15 00:00:00.0
2026-08-27,5AD0CD62-6D0D-4607-BD38-D6C2EDF3801F,,Sections of moat wall closed until Winter 2026,drto,"Sections of the moat wall that were damaged by Hurricanes Helene and Milton (2024) are undergoing repair and reinforcement. For your safety, please follow posted signage and do not cross any barricades.",Park Closure,[],2026-07-15 00:00:00.0
2026-08-27,E76D093C-BA71-4A21-9135-49DB27F09689,,Fire Danger VERY HIGH,pinn,Wood-burning fires and charcoal grills are prohibited. Propane and gas stoves allowed only in campground and picnic areas for cooking food. No smoking on trail. No roadside parking. Fireworks are always prohibited.,Caution,[],2026-07-15 00:00:00.0
2026-08-27,25F15682-8531-4D8E-AB7C-B78E52F102D2,,Current Alerts and Conditions,drto,"Be sure to review the Alerts and Conditions below before and during your visit for additional, up-to-date information on closures, cautions, and other current park conditions.",Park Closure,[],2026-07-15 00:00:00.0
2026-08-27,6A26D757-1DB7-4BDD-9AFE-29EA5F54E90E,,Solstice Canyon Trail Weekday Closure for Repairs,samo,"Solstice Canyon Trail will be closed Monday through Thursday starting July 13, 2026, while crews complete repair work. During closure hours, visitors must enter and exit via Rising Sun Trail. All trails remain open on weekends (including Fridays). The project is expected to last approximately four weeks.",Park Closure,[],2026-07-15 00:00:00.0
2026-08-27,0FFAFA1B-0960-4C18-9880-8A3CF1E45E0E,,Accessible Parking Available,tuin,"Accessible parking is available at the George Washington Carver Museum and The Oaks. For George Washington Carver Museum, after receiving your visitor pass, enter Tuskegee University through Lincoln Gates on Booker T. Washington Boulevard. Pass Margaret Murray Washington Hall and the Kellogg Hotel and Conference Center, then turn right to the parking garage. Accessible parking for The Oaks is at 1200 West Montgomery Road. For assistance, call Sheryl Buchanan at (334) 421-3246",Information,[],2026-07-14 00:00:00.0
2026-08-27,C9A2CD15-DCFF-4B76-AAC8-1C70564B7D12,,Phones Down at the Tuskegee Airmen National Historic Site,tuai,"For any general inquiries and reservations, visitors can contact Ranger Tommy Smith at (334) 421-0340.",Information,[],2026-07-14 00:00:00.0
2026-08-27,45F63698-67DF-4340-9592-90DA7ED3C6A5,https://www.nps.gov/rocr/planyourvisit/fountains.htm,Status of Cascading Fountain at Meridian Hill Park,rocr,We appreciate your patience as we work to remove the sediment from the Meridian Hill Cascading Fountain. The discoloration occurred when two long-unused water lines were brought back online as part of our continuing effort to fine-tune the fountain’s operations. Visitors should begin seeing the fountain’s signature sparkling water again soon.,Information,[],2026-07-14 00:00:00.0
2026-08-27,62EA44A1-7210-4B0E-B5D1-CC1E37531265,,No cold-water flow at the Serpentine Hot Springs bathhouse,bela,There is currently no cold-water flow into the tub at Serpentine Hot Springs. Please proceed with caution. The National Park Service plans to complete repairs on the cold‑water pipe in August. Visitors are respectfully advised not to dig ditches or otherwise attempt to establish alternative cold‑water access. Thank you for your cooperation.,Caution,[],2026-07-14 00:00:00.0
2026-08-27,C2558EB4-18B3-4EFF-B4BF-E8DD32036CA5,https://vapassengerrailauthority.org/wp-content/uploads/2026/05/LBP-Fact-Sheet-Mount-Vernon-Trail-Detour-May-2026-V2.pdf,Detour along Mount Vernon Trail at Gravelly Point,gwmp,"Due to constriction for the Long Bridge Project, the Mount Vernon Trail will be temporarily detoured around the construction zone beginning on July 15, 2026. Trail users should expect periodic crossings of equipment and materials where the trail meets the construction access road. Detour will be in place through 2030.",Information,[],2026-07-14 00:00:00.0
2026-08-27,7B3E408D-B16C-4072-BE5A-AD128B22FCC6,,Areas of Meridian Hill Park closed for turf restoration,rocr,The turf at Meridian Hill Park is closed through August 17 while we make the park safer and more enjoyable for everyone. Thank you for your patience.,Park Closure,[],2026-07-14 00:00:00.0
2026-08-27,737463CF-C247-45FE-8EB1-18167EE63B82,,Wind Cave Canyon Trail Closed for Repair and Improvement,wica,Wind Cave Canyon Trail is closed so that the trail and adjoining road can be repaired from frequent washouts. Sixteen low water crossings will be hardened and the road resurfaced. The trail could be closed for several weeks. This closure does not affect any cave tours.,Park Closure,[],2026-07-14 00:00:00.0
2026-08-27,5315E10C-78FA-4EA5-9FC5-0860123FE9CB,,Fire Operations,cure,Wildfires are occurring in the region. Water scooping airplanes are using the reservoir. Please use caution and stay clear of areas where water scooping operations are occurring.,Caution,[],2026-07-14 00:00:00.0
2026-08-27,4FBE464B-84EF-4A66-96AE-C60E7E85092D,,Do not pick up hitchhikers,moja,Do not pick up hitchhikers. Please report their locations to law enforcement by calling 911.,Caution,[],2026-07-13 00:00:00.0
2026-08-27,D0F423F6-7996-422C-9A95-18E73A75ECB1,,Church & under trees in high wind conditions,sapa,Avoid area around the church & under trees in high wind conditions,Caution,[],2026-07-13 00:00:00.0
2026-08-27,FF4AFB3B-3E83-4CD3-AB60-47CD82795BC8,,Sidewalk scaffolding at Federal Hall,feha,Protective sidewalk scaffolding has been erected around the building as a safety precaution.,Information,[],2026-07-13 00:00:00.0
2026-08-27,DD68787F-398F-45B1-9114-86621F1C20DD,,Phone lines working intermittently,bela,"Our phone lines are working intermittently. If you are not able to reach us by phone, please email us at bela_information@nps.gov.",Information,[],2026-07-13 00:00:00.0
2026-08-27,76797370-1992-476B-A335-D65C54212DA6,,"Roadway Work to Begin at Sanford Yake Campgournd Monday, July 13th",alfl,"The National Park Service announces that Federal Highway Administration contractors will begin roadway and pavement maintenance at Sanford Yake Campground starting Monday, July 13, 2026. This project will include chip seal, micro seal, micro surfacing, and pavement striping throughout key areas of Lake Meredith National Recreation Area. Visitors to Alibates Flint Quarries National Monument and Lake Meredith National Recreation Area are encouraged to follow all posted message boards and traffic instructions.",Information,[],2026-07-11 00:00:00.0
2026-08-27,45BF0727-B649-41A3-8B5E-782F5CC8865F,,"Roadwork to Begin at Sanford Yake Campground Monday, July 13th",lamr,"The National Park Service announces that Federal Highway Administration contractors will begin roadway and pavement maintenance at Sanford Yake Campground starting Monday, July 13, 2026. This project will include chip seal, micro seal, micro surfacing, and pavement striping throughout key areas of Lake Meredith National Recreation Area. Visitors to Alibates Flint Quarries National Monument and Lake Meredith National Recreation Area are encouraged to follow all posted message boards and traffic instructions.",Information,[],2026-07-11 00:00:00.0
2026-08-27,E26213DE-F826-4509-972B-AB7DA1B18DC2,https://www.facebook.com/Ozarkriverways,Paving Work Ongoing Throughout the Park,ozar,"Paving work is being done throughout Ozark National Scenic Riverways during the 2026 summer season, including at Alley Spring, Round Spring, Pulltite, and Big Spring. Watch here and on our park Facebook page for updates, as roads and campground loops may close and reopen depending on work progress.",Information,[],2026-07-10 00:00:00.0
2026-08-27,CBA45053-527D-426F-B545-5DCC1BABE8C1,,Round Spring Pavilion Parking Area Closed,ozar,The parking lot for the Round Spring Pavilion and for Round Spring itself is CLOSED for the remainder of the 2026 summer season while the low water bridge over Spring Valley Creek is rebuilt. Alternative parking near Round Spring Group Campsites 4-8 will provide trail access to the north side of Round Spring.,Park Closure,[],2026-07-10 00:00:00.0
2026-08-27,068C2208-B0CD-4253-8DC9-962F357BCA5D,,Round Spring Lower River Landing Closed,ozar,"The lower river landing at Round Spring, located in the campground, is closed until further notice for paving. Floaters putting in or taking out at Round Spring should plan to use the upper landing behind Carr's Store.",Park Closure,[],2026-07-10 00:00:00.0
2026-08-27,6863BCBC-3F2C-49E8-933A-2691FF108CB4,https://www.nps.gov/laro/learn/news/2026-total-fire-restrictions-implemented.htm,"Total Fire Restrictions Implemented June 20, 2026",laro,"Due to extreme fire conditions, all fires at Lake Roosevelt National Recreation Area are prohibited effective 12:01 a.m., June 20, until further notice. No open flames are permitted. Only self-contained propane or gas cookstoves and lanterns are allowed during the full fire ban.",Park Closure,[],2026-07-09 00:00:00.0
2026-08-27,AA1919BE-5AE0-4F1A-9C2C-BBB7A41294A5,https://www.nps.gov/noca/planyourvisit/stehekin-flood-updates.htm,"Stehekin is Open, Services Limited at Stehekin Landing",noca,Visitor and recreational opportunities continue to be available in the Stehekin Valley. Some services are limited at the Stehekin Landing following flood damage in December 2025.,Information,[],2026-07-08 00:00:00.0
2026-08-27,8889EA7E-7113-4F30-A234-F417065A7A3E,,Mora Road Closed for Essential Repairs,olym,"Mora Road is closed to all traffic, including bicycles and pedestrians, at the campground. Rialto Beach is not accessible via Mora Road during this construction period. Mora Campground is open. This construction work will repair damage from a severe winter flood event, fortify the road against river migration, and protect long-term access to Rialto Beach.",Park Closure,[],2026-07-08 00:00:00.0
2026-08-27,4F824DBA-8DFB-4825-A62A-011E566C5E09,,Fort Jay front gate only — Temporary Closure.,gois,The FRONT GATE of Fort Jay is temporarily closed to all. The fort is currently open to visitation Wednesday thru Sunday 10am to 4pm. Access to the fort will be via the western or rear sallyport.,Information,[],2026-07-08 00:00:00.0
2026-08-27,1C5740F7-F673-4DCA-B856-2EF2888ABEDD,,Stage II Fire Restrictions,colm,"Fire danger is extremely high. No fires (charcoal or wood) are permitted anywhere in the park, including in the campground. No smoking outside of your vehicle. Fireworks are always banned. Check vehicles for dragging chains. Be safe and fire aware!",Caution,[],2026-07-08 00:00:00.0
2026-08-27,0918CC30-347E-47CA-98FC-9AB7602DE1B3,https://www.nps.gov/olym/planyourvisit/fire-conditions-and-updates.htm,"Staircase Developed Area is Open, Use Caution in Burned Areas",olym,"The Staircase developed area is open. The surrounding wilderness areas will remain closed as repair and recovery efforts continue. Use extreme caution when entering burned areas. Burned landscapes may contain falling trees and branches, loose boulders, unstable ground, stump holes, landslides, and debris flows. Changing conditions such as wind, rain, or storms can rapidly trigger hazards. Learn more on our Fire Conditions and Updates page.",Caution,[],2026-07-08 00:00:00.0
2026-08-27,79218B4E-3346-4065-8A50-75F73310FBB0,https://www.nps.gov/kemo/learn/news/kennesaw-mountain-nbp-to-close-mountain-road-to-private-vehicles-beginning-january-2026.htm,Kennesaw Mountain Dr. Closed to Private Vehicles and Cyclists,kemo,"Starting January 5th, 2026, the road to the top of Kennesaw Mountain will be closed to private vehicles and cyclists due to construction and painting. Shuttle service to the top of the mountain is ONLY available on weekends and select federal holidays. The park's Visitor Center is still accessible. This work is in preparation for the upcoming Safety Improvement Project. For updates, continue to check park's website.",Park Closure,[],2026-07-08 00:00:00.0
2026-08-27,EA406564-A020-42F9-9315-861DBE0F29C2,https://www.nps.gov/indu/planyourvisit/closuremaps.htm,Partial Closures to Little Calumet River Trail and Glenwood Dunes Trail,indu,Marquette Greenway construction will require closing sections of the Glenwood Dunes Trail (April–December 2026) and Little Calumet River / Mnoké Prairie Trail (May–December 2026). Closure dates may shift as work progresses. Please follow all posted closures and check the park website or NPS App for updates.,Park Closure,[],2026-07-07 00:00:00.0
2026-08-27,3FA2F888-3536-4563-9736-899FC6AE0AF3,,Hobart Woodland Trail Temporary Closure,indu,Hobart Woodland is closed until further notice while park crews work to clear several downed trees that are creating hazardous conditions for visitors.,Park Closure,[],2026-07-07 00:00:00.0
2026-08-27,F2F74DED-A865-4681-B933-7AE639BFF212,https://www.nps.gov/piro/learn/news/2025-04-29-munising-falls-trail-closure.htm,Munising Falls Trail Closed Until Further Notice,piro,The Munising Falls Trail within Pictured Rocks National Lakeshore is closed until further notice. Approximately 75-feet of the paved trail was washed out April 28th from recent heavy rainfall and seasonal snow melt.,Park Closure,[],2026-07-07 00:00:00.0
2026-08-27,1973ED64-C2FA-4989-A5BF-9E1F7965FA4F,,Church Loop Trail Closure,neri,The Church Loop Trail in the Thurmond area of the park is temporarily closed due to downed trees.,Information,[],2026-07-06 00:00:00.0
2026-08-27,DD17A94A-AD46-4DD7-8CD1-85FEB125A9B6,https://www.nps.gov/zion/learn/news/2026-05-22-fire-restrictions.htm,Stage 2 fire restrictions in effect,zion,"No setting, building, maintaining, attending, or using open fires of any kind in the park. This includes campfires and charcoal fires in Watchman Campground, South Campground, and picnic areas in Zion Canyon. Stoves fueled by petroleum or liquid propane gas are allowed. Smoking is prohibited, except within an enclosed vehicle.",Caution,[],2026-07-04 00:00:00.0
2026-08-27,6A9A9842-52F4-4898-9C49-626E545CDD64,,Stage II Fire Restrictions in effect - campfires banned,grba,"Stage II Fire Restrictions are in effect at Great Basin National Park. Due to extreme fire danger, campfires, charcoal grills, and outdoor smoking are prohibited throughout the park. Gas and liquid-fueled stoves are permitted.",Caution,[],2026-07-03 00:00:00.0
2026-08-27,342A4B2B-203E-4CBC-B625-9865D9FDCC71,,Yosemite Traffic Updates,yose,"When the park is very busy, you can get updates on current traffic conditions in Yosemite by texting ynptraffic to 333111.",Information,[],2026-07-03 00:00:00.0
2026-08-27,6A2D650E-202B-43D9-82DA-60F10CDDBB21,https://www.nps.gov/cari/planyourvisit/guidedtours.htm,Guided Tours Available by Appointment Only,cari,"To request a guided tour, please contact the park a minimum of two weeks in advance. The grounds and outbuildings of Oakland Plantation and Magnolia Plantation are open for self-guided tours from 9:00 am to 3:30 pm Wednesday through Sunday.",Information,[],2026-07-02 00:00:00.0
2026-08-27,96E10BB0-EA6A-4A9E-8A34-55EE5CE04F1D,https://www.nps.gov/isro/planyourvisit/food-storage.htm,Food Storage Regulations in Effect,isro,"Proper food storage is required on Isle Royale. All food, trash, scented items, cooking supplies, cooking utensils, and fish/fish parts must be stored properly. To learn more about food storage and to learn how to properly store your food, trash, and scented items, click ""more.""",Information,[],2026-07-01 00:00:00.0
2026-08-27,75EAC129-65A2-4CDA-B29C-413502DD3A35,https://www.nps.gov/yell/images/Biscuit_Basin_Closure_Map_20250529_1.png,Biscuit Basin Closed Due to Hydrothermal Explosion,yell,"The parking lot, boardwalk, and Firehole River at Biscuit Basin, located north of Old Faithful, is closed to all travel until further notice due to the possibility of another event at the site of a hydrothermal explosion that occurred July 23, 2024.",Park Closure,"[{'title': 'Biscuit Basin Closed Due to Hydrothermal Explosion', 'id': '75EAC129-65A2-4CDA-B29C-413502DD3A35', 'type': 'roadevent', 'url': 'https://www.nps.gov/yell/planyourvisit/conditions.htm'}]",2026-07-01 00:00:00.0
2026-08-27,97CE4501-D500-4653-B528-08B4351DB389,,Arlington House Potential Closures,arho,"Due to HVAC system issues, Arlington House may close to visitors when interior temperatures reach 85°F. Temporary closures may occur with little notice to protect the safety and comfort of visitors and staff.",Park Closure,[],2026-07-01 00:00:00.0
2026-08-27,3AB12B2F-7C46-4EFF-BF4B-B431F4FB2C81,,East Rim Drive is CLOSED from Park Headquarters to Phantom Ship Overlook,crla,"East Rim Drive is currently CLOSED to all public access from Park Headquarters to Phantom Ship Overlook for road construction. West Rim Drive, North Entrance Road, East Rim Drive from North Junction to Phantom Ship Overlook, Cloudcap Road, and Pinnacles Road are now OPEN for travel.",Park Closure,"[{'title': 'East Rim Drive from Park HQ to Phantom Ship Overlook is currently CLOSED for road construction. ', 'id': '3AB12B2F-7C46-4EFF-BF4B-B431F4FB2C81', 'type': 'roadevent', 'url': 'https://www.nps.gov/crla/planyourvisit/conditions.htm'}]",2026-07-01 00:00:00.0
2026-08-27,F491726E-BA70-4D68-ADA0-F39892252808,,Mainland Museum Closure,cuis,The Cumberland Island Museum will be closed for an extended period due to roof leakages. We apologize for any inconvenience but look forward to reopening to you in the future.,Information,[],2026-06-30 00:00:00.0
2026-08-27,D7D7E566-4208-4787-948B-9E7C0A38DA58,,Stage II Fire Restrictions,care,"Stage II fire restrictions are in effect until further notice. Campfires including charcoal are not permitted, even in established fire rings. Smoking is only permitted within an enclosed vehicle. Gas or liquid fueled portable camp stoves are still permitted.",Information,[],2026-06-30 00:00:00.0
2026-08-27,10941525-9761-47FE-B4E7-D9E141F4DF0C,https://www.recreation.gov/ticket/facility/10088103,Cave Tour Reservations,jeca,Advance cave tour reservations up until August 31st are available. September reservations will become available on August 1st. Reservations are strongly recommended. Reservations full? Choose a day to come to the park early in the day to purchase a same day cave tour ticket.,Information,[],2026-06-30 00:00:00.0
2026-08-27,8C499F6F-7F4F-4CC7-95BB-5E852B1FB836,,Partial Trail Closure at Portage Lakefront and Riverwalk,indu,Closed portion of Portage Lakefront and Riverwalk Trail along Burns Waterway due to unsafe conditions from erosional damage. This trail portion will remain closed while funding is sought for repair work. Pier access remains open on either side of closure.,Caution,[],2026-06-30 00:00:00.0
2026-08-27,EB687861-F3A9-4849-8FBF-06972090B5D3,https://www.nps.gov/whis/learn/management/fire-at-whiskeytown.htm,Wood & Charcoal Burn Ban,whis,"To protect park infrastructure and visitors during this hot, dry period of year, wood and charcoal/briquette burning is temporarily banned. Propane grills are still okay. Thank you for recreating responsibly in your national recreation area.",Information,[],2026-06-30 00:00:00.0
2026-08-27,6AC04F70-A46F-40E4-8495-1FDE4EBC0C11,https://www.nps.gov/blca/learn/news/stage-2-fire-restrictions.htm,Stage 2 Fire Restrictions in Effect,blca,"Until further notice, the following are PROHIBITED in all park areas: (1) Building, maintaining, attending, or using a fire or campfire, including charcoal fires or pellet grills, or any other open burning. Properly shielded, self-contained propane or liquid-fueled camp stoves and grills, lanterns, or other heated devices with on/off switches are permitted. (2) All smoking, except within a personally-owned enclosed vehicle. (3) Discharging or using any kind of fireworks or other pyrotechnic devices.",Danger,[],2026-06-30 00:00:00.0
2026-08-27,B425BE94-DB30-48D3-8EA8-51B9B235AC2E,https://www.nps.gov/romo/learn/fire-information-and-regulations.htm,A Fire Ban (Stage 2 Fire Restrictions) Are In Effect,romo,"Due to very high fire danger, the extended weather forecast, and current fire activity in the State of Colorado, Stage 2 Fire Restrictions are now in effect within Rocky Mountain National Park. When Stage 2 Fire Restrictions are in effect, this means that all campfires, including charcoal briquette fires are not permitted anywhere within Rocky Mountain National Park. This ban is effective beginning today, June 29, and will remain in effect until further notice.",Park Closure,[],2026-06-29 00:00:00.0
2026-08-27,6080843E-B4D3-44DF-97C3-3F26D3CC4883,https://www.nps.gov/mora/planyourvisit/hiking-safety.htm,Be cautious around park rivers & learn how to cross safely!,mora,"Many hikers underestimate the power of moving water. Regardless of your knowledge, skills, and experience use these pointers in making wise decisions before attempting to cross a river.",Caution,[],2026-06-29 00:00:00.0
2026-08-27,903C1BB1-20F2-4569-BB7F-17EA840ACE83,,Elevated E. Coli levels - Fremont River,care,"Recent water quality testing shows elevated E. coli levels in the Fremont River. Use caution if entering the water. Do not get water in your mouth, do not swim. Wash hands with soap and water.",Caution,[],2026-06-29 00:00:00.0
2026-08-27,28229465-A067-4CFD-B1E0-52201752A5D4,,Current Alerts and Conditions,ever,"Be sure to review the Alerts and Conditions below before and during your visit for additional, up-to-date information on closures, cautions, and other current park conditions.",Park Closure,[],2026-06-27 00:00:00.0
2026-08-27,F47D52BD-C338-4B15-A0E5-A08A8FA27970,https://www.nps.gov/arch/learn/news/news06232026.htm,No Wood or Charcoal Fires Allowed - Stage 2 Fire Restrictions in Effect,cany,"All fires are prohibited. Only petroleum or propane-fueled stoves or grills are allowed in backcountry campsites, campgrounds, and picnic areas. Fireworks are never allowed. Smoke only inside vehicles or in developed areas over 3 feet from flammables.",Caution,[],2026-06-26 00:00:00.0
2026-08-27,D44A6708-569C-456F-8316-5424C4C59963,,Phone Number not Working,nabr,The phone at the park (435-692-1234) is not functioning reliably. People are advised to call 435-241-3951 during business hours in order to speak with a ranger.,Information,[],2026-06-26 00:00:00.0
2026-08-27,A199A455-8045-4391-9CD8-20B24218CF81,,Park Headquarters Road is closed,grsm,Park Headquarters Road is closed due to rehabilitation work on the Sugarlands water and wastewater systems.,Park Closure,"[{'title': 'Park Headquarters Road Work', 'id': 'A199A455-8045-4391-9CD8-20B24218CF81', 'type': 'roadevent', 'url': 'https://www.nps.gov/grsm/planyourvisit/conditions.htm'}]",2026-06-26 00:00:00.0
2026-08-27,8926C497-8BE0-4B9B-9F82-5F1CBF6D9A91,,Notice of Stage II Fire Restriction Order in Effect,cebr,"No building, maintaining, attending or using a fire or campfire in all areas of the monument, including charcoal fires. Properly shielded gas or liquid-fueled portable camp stoves are allowed. Smoking is prohibited, except within an enclosed vehicle. Discharging or using fireworks or other pyrotechnic devices are always prohibited on all federal public land.",Caution,[],2026-06-26 00:00:00.0
2026-08-27,C31976E3-A461-4897-8C9B-FEFA58A606C5,https://www.nps.gov/dino/learn/news/dinosaur-national-monument-implements-stage-2-fire-restrictions.htm,No Wood or Charcoal Fires Allowed - Stage 2 Fire Restrictions in Effect,dino,"Due to the extremely dry conditions and high fire danger all fires are prohibited. Only petroleum or propane-fueled stoves or grills are allowed in backcountry/river campsites, campgrounds, and picnic areas. Fireworks are never allowed. Smoke only inside vehicles.",Danger,[],2026-06-26 00:00:00.0
2026-08-27,4187E2D3-8D2D-4BD9-9D09-54ACC6A4D25F,https://www.nps.gov/care/planyourvisit/canyoneering.htm,Annual/Seasonal Canyoneering Closures,care,"The following are closed to entry through 8/31/2026 to protect sensitive resources: the heads of Fivemile Wash & Burro Wash descending east 2 miles; Shinob Canyon + all routes descending into Shinob (including Na-gah, Nighthawk, & Timpie); and Arch Nemesis Canyon, including the route exiting at Capitol Gorge + all direct tributary canyons.",Park Closure,[],2026-06-26 00:00:00.0
2026-08-27,9F5FBCA6-7E7E-45F8-B229-425C9751F2D7,https://www.nps.gov/glac/planyourvisit/hikingtwomedicine.htm,Two Medicine North Shore Trailhead Reroute,glac,"In 2026, Two Medicine's North Shore Trailhead is not accessible due to construction in the Two Medicine Campground. A reroute has been established to access the North Shore Trail but does require a ford (unbridged water crossing). Directional signage is in place marking the reroute. Hikers may also access Twin Falls, Upper Two Medicine Lake, No Name Lake, and Dawson Pass without a ford, by using the South Shore Trail. Note: this adds approximately 1 mile of distance, one-way.",Information,[],2026-06-26 00:00:00.0
2026-08-27,7BEA9873-BF77-45AD-9B5C-B1C83910D7F6,https://www.nps.gov/arch/learn/news/news06232026.htm,No Wood or Charcoal Fires Allowed - Stage 2 Fire Restrictions in Effect,arch,"All fires are prohibited. Only petroleum or propane-fueled stoves or grills are allowed in backcountry campsites, campgrounds, and picnic areas. Fireworks are never allowed. Smoke only inside vehicles or in developed areas over 3 feet from flammables.",Caution,[],2026-06-26 00:00:00.0
2026-08-27,2CF15EBC-0800-4DF3-8179-B1579B6D4F57,https://www.nps.gov/grca/planyourvisit/key-messages.htm,Critical Backcountry Updates/Closures,grca,"Visit this link for the inner canyon weather forecast, current trail closures, today's heat risk, and drinking water availability.",Caution,[],2026-06-26 00:00:00.0
2026-08-27,3396D6D3-5F44-4532-B48B-42A629991493,https://www.nps.gov/grca/planyourvisit/grand-canyon-national-park-public-health-update.htm,What's Closed and What's Open: South Rim & North Rim,grca,"Visit this link for a list of the available visitor services in Grand Canyon Village, Desert View, and the North Rim.",Information,[],2026-06-26 00:00:00.0
2026-08-27,D094F876-910D-47EB-BE01-C3E48D9C2227,https://www.nps.gov/mora/learn/news/mount-rainier-national-park-parkwide-fire-ban-goes-into-effect-june-26-2026.htm,Parkwide Fire Ban in effect until further notice beginning June 26,mora,"Beginning Friday 6/26/26 until rescinded, a parkwide fire ban is implemented for all campfires & the ignition of wood, briquettes, or any fuel in fire pits, fire pans, & BBQ grills.",Caution,[],2026-06-25 00:00:00.0
2026-08-27,7FC19F9D-2FAD-42F6-A36B-4FC75A4DCF47,https://www.nps.gov/biso/learn/news/big-south-fork-s-brewster-bridge-road-to-temporarily-close-for-repair.htm,Big South Fork’s Brewster Bridge Road to Temporarily Close for Repair,biso,"Brewster Bridge Road in Big South Fork NRRA will temporarily close for repair and re-pavement beginning on Monday, June 29. The road was heavily damaged from significant rain events in 2022 and 2023. The area boat launch and day use area will be inaccessible during the project.",Information,[],2026-06-25 00:00:00.0
2026-08-27,1839E76C-3EB8-4B67-BFBC-FEFBF8C16D75,https://www.nps.gov/noca/learn/news/campfire-ban-in-all-portions-of-north-cascades-national-park-service-complex-begins-june-29.htm,Campfire Ban in All Portions of the Park Complex Begins June 29,noca,"Effective Monday, June 29, campfires or the ignition of wood, briquettes, or any fuel in fire pits, fire pans, and barbeque grills, are banned in all portions of North Cascades National Park Service Complex, which includes North Cascades National Park, Ross Lake National Recreation Area, and Lake Chelan National Recreation Area.. This applies to anything that produces ash, including charcoal grills. Propane fire pits are not allowed during the ban.",Park Closure,[],2026-06-25 00:00:00.0
2026-08-27,49C1CD8E-6FA1-49B8-A7CB-6D747B8F4AFA,,Patriots Point Ferries Accessibility Information,fosu,Ferries to Fort Sumter from Patriots Point are not always accessible for individuals who use mobility assistance devices or have trouble navigating stairs. The Fort Sumter Visitor Center departure location is fully accessible or visitors can call Fort Sumter Tours (843-722-2628) for current Patriots Point accessibility conditions.,Information,[],2026-06-23 00:00:00.0
2026-08-27,97783AC4-B242-4BF7-8C71-37A17B987928,https://www.nps.gov/glac/planyourvisit/index.htm,Going-to-the-Sun Road is Open for 2026 Season,glac,The Going-to-the-Sun Road is fully open for the 2026 summer season. The road may now be accessed by motorized vehicles over Logan Pass from both the West Glacier and St. Mary Entrances.,Information,[],2026-06-22 00:00:00.0
2026-08-27,BC37CDA1-60C4-4F4E-938D-95821C5B12C9,https://www.nps.gov/rocr/learn/historyculture/meridian-hill-park.htm,Areas of Meridian Hill Park closed for repairs,rocr,Much of the upper level of the park is closed to rehabilitate the grass. Fountains and the reflecting pool are open but may be turned off or drained occasionally for maintenance. The reflecting pool will undergo repairs June 20-28. Visit the Meridian Hill Park page for more information.,Park Closure,[],2026-06-22 00:00:00.0
2026-08-27,6D3CC90D-D33A-43E2-BF31-F8983F8E32A4,,Please use caution when visiting park grounds.,amme,"Park grounds and walking paths are accessible but visitors should use caution as there are fallen trees, stumps, and other typhoon debris.",Caution,[],2026-06-18 00:00:00.0
2026-08-27,8E55AEEE-C63F-44F9-AA7F-3B027CB4210F,https://www.nps.gov/grte/planyourvisit/road-construction.htm,Death Canyon Trailhead Construction Closure,grte,"Death Canyon Road and Trailhead are closed to all use. Start hikes at alternative trailheads such as Granite Canyon, LSR Preserve, and Taggart Lake.",Park Closure,"[{'title': 'Death Canyon Road and Trailhead', 'id': '8E55AEEE-C63F-44F9-AA7F-3B027CB4210F', 'type': 'roadevent', 'url': 'https://www.nps.gov/grte/planyourvisit/conditions.htm'}]",2026-06-18 00:00:00.0
2026-08-27,A9CEB22F-9639-4AC5-B239-A7D056DC80AC,,Limited access to areas at Asan Beach.,wapa,"Due to the impacts of Typhoon Sinlaku, areas of Asan Beach remain inaccessible. Visitors should use caution when walking to the beach area and stay out of damaged areas.",Caution,[],2026-06-17 00:00:00.0
2026-08-27,733E4878-67C2-4201-B0FB-EB9919F0C169,https://www.nps.gov/fiis/planyourvisit/barrettbeach-talisman.htm,Talisman-Barrett Beach Dock Closed for 2026 Season; Services Limited,fiis,"Due to damage from winter ice, the Talisman-Barrett Beach dock is closed. NPS staff are evaluating options for repairs. There is no timeline for restoration. Boaters should plan to anchor in the bay to access the site. Be advised that the area is extremely shallow. Restroom maintenance will be limited during this time and visitors must pack out all trash and belongings. Public use of some areas will be restricted for safety.",Park Closure,[],2026-06-17 00:00:00.0
2026-08-27,8232480F-1CAD-43B6-A152-BA46AA1579AD,https://www.nps.gov/fiis/learn/management/piping-plovers-management.htm,"Pet Restrictions, Beach Driving Closures in Effect March 15 through Labor Day",fiis,"To protect threatened nesting shorebirds, pets are prohibited in the Otis Pike Wilderness and on federally-managed ocean beaches. Beach driving is closed at Lighthouse Beach, Sailors Haven and the Wilderness area.",Park Closure,[],2026-06-17 00:00:00.0
2026-08-27,9810F004-0947-4B3F-931F-336A9ED2C514,,Delays along Highway 101,redw,"There are multiple traffic stops along Highway 101 from Orick, CA to Crescent City, CA due to road construction. Extra time may be needed to travel throughout the park. Delay times may vary. Please stay alert and drive cautiously.",Caution,[],2026-06-17 00:00:00.0
2026-08-27,072AD35C-300A-47C4-9188-9DF2EC1F2D77,,Ryan Visitor Center Phone Line Out of Service,gate,"The Floyd Bennett Field Ryan Visitor Center phone line (718-338-3799) is out of service. For information on ranger programs in the Jamaica Bay Unit, call the Jamaica Bay Wildlife Refuge Visitor Center at 718-318-4340. For questions about permits, events, or other park information, call the general park information line at 718-354-4606. For emergencies, call U.S. Park Police's 24-hour dispatch at 718-354-4700.",Information,[],2026-06-16 00:00:00.0
2026-08-27,E1DDA22C-7F53-4344-9753-9317105721D9,,Barataria Visitor Center and Trails are Closed,jela,"Because of upcoming demolition and construction of the trails and Visitor Center, all trails at the Barataria Preserve and the Visitor Center are closed, with the exception of Twin Canals Trail. This is a day-use area only with no restrooms. Visitor services are relocated to the Wetlands Education Center and trails at 4917 City Park Drive, Jean Lafitte, 70067. Rangers will be on site Wednesdays and Thursdays 10 am to 2 pm for programming and ranger talks at the Town of Lafitte's Civic Center.",Caution,[],2026-06-15 00:00:00.0
2026-08-27,D9579078-040B-4933-8A1A-D005244C2795,https://www.nps.gov/guis/planyourvisit/conditions.htm,Battery 234 Loop Road Closure,guis,"The Battery 234 Loop Road and Battery Cooper within the GUIS, Fort Pickens Management Area will be closed to all for vehicle, bicyclists, and foot (pedestrian) traffic until further notice for safety purposes until the park can correct the leaning and structurally unstable historic Tower 234 that poses danger to visitors and staff. The beach access points for pedestrians from the Gulf (south) side will also be closed. The pipe gates at the entrance and exit points will be locked with accompanied signage.",Park Closure,[],2026-06-15 00:00:00.0
2026-08-27,D551E027-7F9B-4D5B-9B1D-558EEA226EDE,,Broken Windsock at Serpentine Hot Springs,bela,"The windsock at the Serpentine Hot Springs airstrip is broken, and the National Park Service is in the process of ordering a replacement. At this time, we do not have an estimated date for when it will be reinstalled. Please use caution when utilizing the airstrip.",Caution,[],2026-06-14 00:00:00.0
2026-08-27,B85F7772-CF23-438F-AD8C-E64079249908,,Glenmont Heat Advisory,edis,"The house at Glenmont is currently experiencing high heat conditions. As a result, house tours may be abbreviated or canceled due to safety concerns.",Caution,[],2026-06-13 00:00:00.0
2026-08-27,38B46BE7-BE1B-48EB-8E2B-4E1FF06D5712,https://www.nps.gov/pinn/planyourvisit/weather.htm,Hot Conditions,pinn,"Limit strenuous hiking to early morning and late evening hours. Expect temperatures in the High Peaks and Chalone Peak to be at least 10 degrees hotter than parking areas. Drink plenty of water and carry at least one liter of water for each hour of hiking. Bring salty snacks, a hat, and sunscreen for the hike. Know the signs and symptoms of heat related illnesses. In case of a heat related emergency get to a cool place and seek help immediately.",Caution,[],2026-06-12 00:00:00.0
2026-08-27,8B6E1110-56B7-46F0-A4BC-694E4874690B,,Vehicle Break-Ins,sagu,"Vehicle break-ins have occurred at the King Canyon Trailhead, as well as at other trailheads throughout the park. Hide valuables and consider taking them with you, secure your vehicle, and report any suspicious activity. Please call 911 to report criminal activity or the Pima County Sherriff's Department Non-Emergency number at 520-351-4900.",Caution,[],2026-06-12 00:00:00.0
2026-08-27,8C034D7D-22D4-4B44-892A-C4E016ED4457,https://www.fs.usda.gov/r05/inyo/projects/reds-meadow-road-reconstruction,Reds Meadow Road Access Restrictions in 2026,depo,"Reds Meadow Road remains under construction in 2026 and will be closed Monday through Friday from June 13 through July 1, then Monday through Wednesday from July 2 through September 20, then Monday through Friday starting September 21.",Park Closure,[],2026-06-12 00:00:00.0
2026-08-27,F8635D8E-B321-48CD-B0E7-DDCFC2FC7C4D,https://www.ready.gov/heat,Being Prepared for Excessive Heat & Humidity,cong,Congaree can be hot & humid from late spring through early fall. Be sure that you & your party (including pets) have adequate water & choose activities that fit your level of physical fitness. Consider visiting early in the morning when it is cooler.,Caution,[],2026-06-10 00:00:00.0
2026-08-27,6E732798-DC47-424B-8FA8-2FC6E365D3F7,https://www.nps.gov/moja/learn/management/fire-prevention-order-june-10-2026.htm,Fire restrictions in place,camo,Fire restrictions are in place at Mojave National Preserve and Castle Mountains National Monument. Wood and charcoal fires are not permitted. Most camp stoves are. See fire restriction order for additional details.,Caution,[],2026-06-10 00:00:00.0
2026-08-27,765789FD-95B4-46BF-A155-0AEA7889A490,https://www.nps.gov/moja/learn/management/fire-prevention-order-june-10-2026.htm,Fire restrictions in place,moja,Fire restrictions are in place at Mojave National Preserve and Castle Mountains National Monument. Wood and charcoal fires are not permitted. Most camp stoves are. See fire restriction order for additional details.,Caution,[],2026-06-10 00:00:00.0
2026-08-27,750D32D6-A122-405E-A302-9A50FEAACAF7,,I-70 Closure in Downtown Topeka May Affect Travel to the Park,brvb,"I-70 is closed through downtown Topeka between Topeka Boulevard and 8th Avenue due to construction. Visitors traveling to Brown v. Board of Education National Historical Park should allow extra travel time and follow posted detours. Westbound visitors may continue on I-70 and follow signs to local exits near downtown Topeka. Eastbound visitors should use I-470 around Topeka, then connect to local streets to reach the park at 1515 SE Monroe Street. Check KanDrive.gov or call 511 for current road condition",Information,[],2026-06-09 00:00:00.0
2026-08-27,080E2253-8FF4-494E-8581-56526A0BBAF6,https://www.nps.gov/lavo/planyourvisit/ev.htm,EV charging station unavailable,lavo,The Electric Vehicle charging station is non-functional. There is no timeline for when it may become available. Please plan accordingly.,Information,[],2026-06-08 00:00:00.0
2026-08-27,CA2DB2F7-145C-4C6A-A84D-7289EA0E1FBC,,OSV Status,asis,6/8/26 MD open to State Line. VA South OSV fully closed. The VA North OSV fishing mile is open to 12 vehicles.,Information,[],2026-06-08 00:00:00.0
2026-08-27,66320505-44F0-4430-BD69-4DB83436BB5F,https://www.nps.gov/seki/learn/nature/fire-restrictions.htm,Fire Restrictions in Place,seki,"Stage 1 Fire Restrictions are in effect. Wood and charcoal fires are prohibited at all low-elevation campgrounds and picnic areas. Additional restrictions apply. Click ""more"" for details.",Information,[],2026-06-08 00:00:00.0
2026-08-27,4E893E11-3065-446E-883B-269A21A00F5D,,Hours Changing,frhi,"The Visitor Center at Friendship Hill National Historic Site is now open seven days a week from 9 AM to 5 PM! The grounds and trails remain open sunrise to sunset. If you have any questions, please give us a call at 724-329-2501 or visit our website at www.nps.gov/frhi",Information,[],2026-06-07 00:00:00.0
2026-08-27,246955F1-2D40-4D8F-BFD7-AA6EB1B6727C,https://www.nps.gov/frhi/filming-still-photography-and-audio-recording.htm,Photo Season,frhi,"Just a reminder as the weather is starting to get nice, and people are thinking about where to take graduation, wedding, prom or formal, pregnancy, birthday, and any other type of photography or filming! We do have rules and regulations on what is or is not allowed and whether or not you need a permit. Violations may be ticketed. Please check our website under Plan Your Visit, Permits and Reservations!!! https://www.nps.gov/frhi/planyourvisit/permits.htm",Caution,[],2026-06-07 00:00:00.0
2026-08-27,83AE2DD9-F167-445F-8B00-A4F9E5A993D8,https://www.nps.gov/zion/planyourvisit/large-vehicles.htm,Large vehicle restrictions now in effect for Zion-Mt. Carmel Highway,zion,"As of June 7, 2026, the park is enforcing size and weight limits for vehicles on the Zion-Mt. Carmel Highway. Vehicles that exceed length, width, height, or weight limits cannot travel between Canyon Junction and the park's East Entrance. See the current limits on the page linked below.",Caution,[],2026-06-06 00:00:00.0
2026-08-27,9CEBB013-E065-4991-9B4F-8999791EBD1B,https://www.nps.gov/guis/learn/news/gulf-islands-begins-construction-on-davis-bayou-bike-pedestrian-path-phase-2.htm,Road workers on Park Road in Davis Bayou,guis,Phase II of the Davis Bayou Bicycle and Pedestrian Path is in process. Visitors may encounter minor traffic delays and flaggers on Eagle Point and Park Road.,Caution,[],2026-06-04 00:00:00.0
2026-08-27,F9F383F2-FE5D-4711-8120-3D3F2E1A028C,,"Fredericksburg Battlefield Visitor Center Closed, Store and Grounds Open",frsp,"Starting November 20, 2025 the Fredericksburg Battlefield Visitor Center will be closed while updates are made to building systems. Front Desk operations including visitor orientation will move to the adjacent Fredericksburg Battlefield Bookstore. The Chancellorsville Visitor Center remains open to visitors 9am - 5pm all week.",Park Closure,[],2026-06-03 00:00:00.0
2026-08-27,D0D8383C-4AF2-49A5-AC1F-9423036335B5,,No Potable Water in Park Campgrounds,grba,"There currently is no water available in any campground in Great Basin National Park.  Water is available at the RV Fill and Dump Station, the Great Basin, and the Lehman Caves Visitor Center as well as some local businesses.  ",Caution,[],2026-06-02 00:00:00.0
2026-08-27,A0418840-9080-4171-A0B3-EEAD9DB106EC,https://www.nps.gov/mora/planyourvisit/directions.htm,Your GPS May Be Wrong,mora,"There are five entrances to the park. GPS may take you to the wrong entrance or attempt to follow the most direct route, which could lead to closed gates. It can take hours to reroute to the correct entrance. Check directions & maps, not just your GPS.",Information,[],2026-06-02 00:00:00.0
2026-08-27,47FB46E0-9B49-4116-A527-C0FE070F96FA,https://t.co/JZaIRxjnp7,Expect long lines at entrances on weekends.,mora,Lengthy delays are likely at the southwest park entrance on SR706 on weekends. Check Google Maps for backup (represented by the orange/red line) at link below. Please do not block driveways or roads while in line outside the park.,Information,[],2026-05-29 00:00:00.0
2026-08-27,B3619D90-1712-402E-A040-775950BB1B85,,Kaymoor Miners Trail Closure,neri,"From June 15 through November 19 the upper part of the Kaymoor Miners Trail (from Kaymoor Top down to the mine site at the junction with the Kaymoor Trail) will be closed Monday through Thursday due to a trail rehab project. The trail is expected to be fully open Friday, Saturday, and Sunday.",Information,[],2026-05-29 00:00:00.0
2026-08-27,76963DF5-FF4B-4C00-8F86-2ECA0AED7446,https://www.nps.gov/pinn/planyourvisit/hours.htm,Heavy Traffic and High Visitation Alert,pinn,"Pinnacles experiences extremely high visitation on weekends, holidays, and during favorable weather, especially in the spring. Expect long lines and delays between 10:00 am and 3:00 pm. If you're planning to hike the High Peaks, Condor Gulch, Balconies, or Moses Spring Trail, it’s recommended to arrive before 8:00 am (parking may fill earlier). Additionally, campground access may be temporarily delayed during peak periods of visitation when ALL incoming traffic is held.",Information,[],2026-05-29 00:00:00.0
2026-08-27,961C2734-E16C-43ED-9DD4-85F0FD978266,https://navalaviationmuseum.org/plan-your-visit/,Accessing Fort Barrancas,guis,"Fort Barrancas is open 9 am–4 pm Wednesday through Sunday. To access Fort Barrancas, visitors will need to enter the Naval Air station Pensacola through the west gate.",Information,[],2026-05-29 00:00:00.0
2026-08-27,8BE3C0D2-D6A9-49E8-8FD6-737E15D8DDEA,https://www.nps.gov/ever/planyourvisit/fees.htm,"For entrance fees, we accept digital passes and credit/debit cards",ever,Digital passes or credit/debit cards are the ONLY method of payment at all fee collection areas. Pre-paid digital passes are available online and may be purchased in advance.,Information,[],2026-05-28 00:00:00.0
2026-08-27,7BFF9E67-1275-4440-8396-6ED36C900F7A,,Roadwork may cause delays on US 41/Tamiami Trail,ever,"Current roadwork is ongoing along the park's northern boundary on US Highway 41/Tamiami Trail to raise the road for Everglades Restoration benefits. Drivers may experience up to 15-minute delays and should watch for personnel, equipment and slow downs.",Caution,[],2026-05-28 00:00:00.0
2026-08-27,5FA6FA8E-1D74-410E-AF7D-B0A67687D752,,Group Reservations,adam,Groups of 11 or more people should contact the Visitor Center at ADAM_Visitor_Center@nps.gov or 617-770-1175 at least two weeks in advance to arrange their visit.,Information,[],2026-05-28 00:00:00.0
2026-08-27,6BE72D2F-661A-4F78-8684-CFFCF949FA17,https://www.nps.gov/gate/learn/news/jacob-riis-park-access-restrictions.htm,Jacob Riis Park Access Restrictions,gate,"Due to extremely hazardous conditions Gateway National Recreation Area has restricted access to sections of Jacob Riis Park. Erosion has created unsafe conditions from Bays 1-5, and portions of the eastern beach are closed.",Park Closure,[],2026-05-28 00:00:00.0
2026-08-27,45839AE6-0D80-4753-BB47-D4792865D380,https://www.nps.gov/gate/protecting-plovers.htm,North Beach Tip at Sandy Hook closed,gate,North Beach Tip at Sandy Hook is closed to access until further notice due to nesting bird activity.,Park Closure,[],2026-05-28 00:00:00.0
2026-08-27,A059BB33-00E9-45FD-BBF2-E5E36F78F094,,Do Not Handle Wildlife,beol,"If you see a dead bat or a bat acting strangely at the fort, please do not touch or move it. Report the location of the animal to park staff.",Caution,[],2026-05-28 00:00:00.0
2026-08-27,6FC79B0B-3512-4DE3-A839-40C51F62E44F,https://www.nps.gov/jotr/planyourvisit/summer-seasonal-closures-and-restrictions.htm,Annual Summer Closures and Restrictions in Effect,jotr,"The 49 Palms trail along with some campgrounds, facilities, and areas have adjusted availability during the summer. For the full list of changes, please visit our Summer Closures page.",Information,[],2026-05-28 00:00:00.0
2026-08-27,B3C7A067-1F18-4FBB-B5CA-3600EAF92DA0,https://www.nps.gov/pevi/learn/upper-plaza-rehabilitation.htm,Upper and Lower Plaza Rehabilitation,pevi,"The Plazas, Rotunda, and the Observation Deck of the Memorial will be inaccessible for the 2026 and 2027 seasons due to the Upper and Lower Plaza Rehabilitation. The visitor center and grounds will remain open. Thank you for your understanding.",Park Closure,[],2026-05-27 00:00:00.0
2026-08-27,A3BAAA79-E8FD-49AD-A3F6-A2B395572020,,Passenger Ferry Dock Closed; Visitors Deboard via Beach Landing,calo,"The ferry dock servicing the Cape Lookout Lighthouse area is closed for repairs. Visitors will deboard the ferry in front of the lighthouse. To reach the boardwalk, visitors will need to walk 5–10 minutes on soft sand. Depending on the tide, visitors may also need to walk through water.",Park Closure,[],2026-05-27 00:00:00.0
2026-08-27,3A8B8E35-A0D4-4091-B155-1C50BA1C3C8A,,Summer Hours: 10:00 AM to 5:00 PM,thrb,"From Memorial Day through Labor Day, the Birthplace will be open from 10:00 AM to 5:00 PM. The tour schedule remains the same.",Information,[],2026-05-27 00:00:00.0
2026-08-27,0C7CCAFE-79B7-4185-BFF2-C766EFF7535C,https://www.nps.gov/glca/learn/news/lpp.htm,Lake Powell Recreational Water Advisory,glca,"Any time that you do recreational activities (swimming, water skiing, making sand castles, etc.) on the beaches or in the waters of Lake Powell you are strongly encouraged to follow basic hygiene practices. A number of conditions can cause potential water quality issues on Lake Powell, at Lees Ferry, and on Colorado River tributaries.",Caution,[],2026-05-27 00:00:00.0
2026-08-27,0CCEB613-6423-4271-B64C-BD953E8421CA,https://www.nps.gov/choh/planyourvisit/conditions.htm,Closures: Detours; Towpath; Points of Interest,choh,Multiple items are closed due to hazardous conditions or maintenance. See below for more details.,Park Closure,[],2026-05-27 00:00:00.0
2026-08-27,50E749F3-7952-42C7-A103-EDB366767919,https://www.nps.gov/grsm/planyourvisit/cades-cove-vehicle-free-days.htm,Cades Cove Loop Road is closed to motor vehicles every Wednesday,grsm,Cades Cove Loop Road is closed to motor vehicles every Wednesday through September 30. This allows pedestrians and cyclists to enjoy the cove without the presence of vehicles on the roadway.,Information,[],2026-05-27 00:00:00.0
2026-08-27,AB7B6104-EAA7-4393-B075-27E5FC821878,https://www.nps.gov/meve/planyourvisit/maps.htm,Road Construction,meve,Far View Sites and Cedar Tree Tower are closed for road improvements. Road work along the first four miles of the park road from the entrance station will begin in early summer. Delays of up to 30 minutes are possible - please check the park map before your visit. Wetherill Mesa Road has compacted gravel for 30 feet; motorcycles should take extra caution on this road.,Information,[],2026-05-26 00:00:00.0
2026-08-27,3021E1EE-9EBB-4A37-9F34-524CD317DB20,https://www.leesburgva.gov/departments/capital-projects/current-projects/parks-recreation-projects/veterans-park-at-balls-bluff,"Trail Closure at Veterans Park at Balls Bluff (Leesburg, Virginia)",pohe,"Veterans Park in Leesburg, Virginia, is closed for park improvements. All trails in the park are closed into late summer 2026.",Park Closure,[],2026-05-26 00:00:00.0
2026-08-27,4397FF6E-81E4-4DB2-B15C-B79296B186EF,https://dot.ca.gov/caltrans-near-me/district-1/d1-popular-links/roadinformationbulletin,Major road construction on Hwy 199,orca,Travelers using Highway 199 between Crescent City and Cave Junction should expect multiple traffic delays beginning as early as May due to ongoing Caltrans construction. For the most current delay and closure information—including upcoming four‑hour full closures—please check the Caltrans District 1 Road Information Bulletin for updates and follow their social media channels.,Information,[],2026-05-24 00:00:00.0
2026-08-27,1D5A897D-CE75-485E-8C63-AFAB50A63550,,Bag Policy,adam,"Bags larger than 9""x11""x5"" are not permitted in the historic homes. The park does not have storage lockers for these items. Bags may not be left unattended and cannot be left with park staff. Anyone carrying a bag larger than 9""x11""x5"" will not be admitted into the historic homes.",Park Closure,[],2026-05-24 00:00:00.0
2026-08-27,D74DF5D3-6DB5-4319-AF95-49B442F7AC9D,,Summer Hours,fodo,Visitor Access to Fort Donelson NB Park Lands: Pedestrian access is from dawn to dusk. Automobile access to Fort Donelson NB Park Roads is from 8:00 am - 8:00 pm.,Information,[],2026-05-23 00:00:00.0
2026-08-27,DECB5CE8-4DE0-49DA-99D0-5E2031002F01,,New 2026 Summer Season Hours,morr,"Beginning May 23, 2026, Washington Headquarters Museum and the Jockey Hollow Visitor Center have new hours, as follows: Open Thursday - Monday, 9:30 am - 4:30 pm. Closed Tuesday and Wednesday.",Information,[],2026-05-23 00:00:00.0
2026-08-27,618D2AD7-D2C0-4015-9541-906F6CEACB59,,Bacteria Levels at Arizona Hot Springs,lake,"Fecal bacteria in water samples taken from Arizona Hot Springs frequently reach high levels, which can transmit human diseases. To reduce health risks, the National Park Service recommends recreators limit body contact in these waters, clean after use, and to never put your head under water at hot springs. Please contact the Park at 702-293-8990 for updates on this advisory.",Caution,[],2026-05-22 00:00:00.0
2026-08-27,7D2EBFB8-4ACF-498E-B6E7-E4E50D4649A7,https://www.nps.gov/crmo/planyourvisit/directions.htm,Navigation,crmo,Please do not rely upon GPS digital navigation systems to find your way to Craters of the Moon. Please note that the Robert Limbert Visitor Center at 1266 Craters Loop Road is located just off U.S. Highway 20/26/93 and is not accessed via any unpaved roads.,Caution,[],2026-05-21 00:00:00.0
2026-08-27,7560484F-6173-44D7-8820-D0AE5862645D,https://www.nps.gov/dena/planyourvisit/visiting-denali.htm,Denali Park Road Information,dena,"In summer, the Denali Park Road is open to Mile 15 (Savage River) for personal vehicles. Vehicle travel further into the park is limited to transit and tour buses.",Information,[],2026-05-20 00:00:00.0
2026-08-27,D5914F0E-04EC-4DF6-9F9D-FA7B6F240A89,,2026 Tour Season,adam,"Visit https://www.nps.gov/adam/planyourvisit/2026-tour-season.htm for details on the 2026 tour season, including operating hours and tour offerings. The Visitor Center is open 9am-5pm Wednesdays-Sundays. The historic homes are open Wednesdays-Sundays. Entrance fees required for entry into historic homes. Guided tour reservations are available first-come, first-served on the day of the tour at the Visitor Center. Reservations not required for self-guided tours.",Information,[],2026-05-20 00:00:00.0
2026-08-27,A6C78661-ED00-4AEC-B8CC-042D52E66264,,Stoplight In Use due to Limited Parking,deto,Limited Parking at the Visitor Center is monitored by the use of a Stoplight. This light helps meter traffic so that parking spots are available for visitors. Stoplight generally in effect from 10 am to 4 pm. Wait times vary daily.,Caution,[],2026-05-19 00:00:00.0
2026-08-27,58485A04-8084-4FFD-97DE-98743DDA1DDC,https://www.nps.gov/pagr/planyourvisit/directions.htm,Note About Using GPS for Directions,pagr,"Paterson Great Falls National Historical Park is located at 72 McBride Avenue Extension, Paterson, NJ 07501. Use this full address when searching using a GPS device or map app or use GPS coordinates N40.91533° W74.17992°",Information,[],2026-05-18 00:00:00.0
2026-08-27,2143E2D7-AF79-46AE-8D99-7408A060A7F5,,Yaqui Ridge Trail Closure,coro,"Due to nearby construction and blasting, the 1-mile Yaqui Ridge Trail is closed starting April 13, 2026 until further notice to ensure visitor safety. The closure begins at the junction with Joe’s Canyon Trail, and access beyond this point is not permitted. This affects access to the southern terminus of the Arizona National Scenic Trail.",Park Closure,[],2026-05-18 00:00:00.0
2026-08-27,BC6E5E2E-7E0E-474A-BBC7-84B0A18A9C3F,https://www.nps.gov/yuch/learn/nature/dalls-sheep.htm,Sheep Hunting Closure,yuch,"The Federal Subsistence Board closed sheep hunting to all users on Federal public lands within Yukon-Charley Rivers National Preserve and Glacier Mountain Controlled Use Areas Units in 20E and 25C due to significant declines to the sheep population. The authority was granted via WP26-76 on April 24, 2026 and the closure with extend through June 30, 2028.",Information,[],2026-05-18 00:00:00.0
2026-08-27,23CFADBF-CE33-46A9-8AC6-7F6CBCCB99D9,https://www.nps.gov/vall/planyourvisit/bc.htm,Backcountry route open to vehicles May 15 - November 15,vall,"Valles Caldera's backcountry road system opens to vehicles on Friday, May 15, 2026. Forty vehicles passes will be issued per day through November 15, when the route closes for the 2026 season. Passes may be reserved up to 3 months in advance at Recreation.gov. Any remaining daily passes will be available on a first come, first served basis in the Volcano Discovery Center.",Information,[],2026-05-15 00:00:00.0
2026-08-27,F6E08A48-0B07-4903-852C-4C4852F5871D,,Janis-Ziegler House (Green Tree Tavern) Closed,stge,"The Janis-Ziegler House (Green Tree Tavern) building is currently closed, due to unsafe conditions. Other park buildings and grounds are open according to regular schedules. For program information, please check with park staff at the Ste. Genevieve Welcome Center, 573-880-7189.",Park Closure,[],2026-05-15 00:00:00.0
2026-08-27,CBC23175-61BD-44C6-9313-D1D3F138E40A,https://www.nps.gov/colm/planyourvisit/26mctproject.htm,Lower Monument Canyon Trail Work - Expect Short Delays through August 2026,colm,"Monday-Thursday and some Fridays, 7 am to 4:30 pm, mid-May through August, expect trail maintenance on lower Monument Canyon Trail. Work will take place on the lower 2.5 miles of the trail, from the lower trailhead up to the Wedding Canyon intersection at Independence Monument. No closures are currently scheduled, though hikers might experience short delays while traveling through work sites.",Information,[],2026-05-15 00:00:00.0
2026-08-27,2EBBE614-8E16-4CD6-AC64-09C16D151509,https://www.nps.gov/lake/government-wash-area-information.htm,Government Wash Campground Seasonal Heat Closure May 15 – September 30,lake,"The Government Wash campground will close on May 15th to vehicle access and overnight camping to assess and manage area improvements and protect visitors and staff from extreme heat risks. The campground is anticipated to reopen for overnight stays on October 1st. It will remain open this summer to non-motorized vehicle access for daytime, non-camping related activities.",Park Closure,[],2026-05-14 00:00:00.0
2026-08-27,3B4BBEC8-F04A-43F0-B7C6-A0F93D0340AF,https://www.nps.gov/lake/planyourvisit/conditions.htm,Seasonal Trail Closures Due to Extreme Heat May 15 – September 30,lake,"Goldstrike Canyon, Arizona Hot Springs, Liberty Bell Arch, White Rock Canyon, and Lone Palm trails will be closed for visitor and first responder safety. Please check the park website, social media, and weather for updates before visiting. Arizona, Goldstrike, and Lone Palm hot springs remain open and accessible by water.",Park Closure,[],2026-05-14 00:00:00.0
2026-08-27,3978B3FC-1348-4626-8063-B22D36E6847C,,"Prescribed Burn on Monday, May 11",pipe,The prescribed burn for May 11 has concluded and the Circle Trail is now open to visitors.,Information,[],2026-05-12 00:00:00.0
2026-08-27,BA864600-D592-4DCD-8E55-00E1E44F961E,https://www.nps.gov/laro/learn/news/fort-spokane-museum-and-visitor-center-to-close-for-repairs.htm,Fort Spokane Museum and Visitor Center to Close for Repairs,laro,"The Fort Spokane Museum and Visitor Center in Lake Roosevelt National Recreation Area is temporarily closed for the duration of the summer for critical historic preservation repairs. Dating to 1880, the landmark building originally served as the fort's guardhouse and now operates as the primary hub to introduce visitors to the park and its many resources.",Park Closure,[],2026-05-07 00:00:00.0
2026-08-27,3AF5C3B5-2660-4B52-BF04-1B1B0F9C2F44,https://www.nps.gov/stri/learn/news/roadclosure.htm,Intermittent Road Closures During Utility Improvement Project,stri,"Beginning May 11, Stones River National Battlefield will implement intermittent road closures to support a utility improvement project by Middle Tennessee Electric. The park expects intermittent closures to continue for four months, depending on weather and construction conditions. Temporary closures and traffic impacts will occur in work areas along Thompson Lane and nearby sections of the battlefield. Visitors should expect intermittent disruptions and follow posted signs and staff directions.",Information,[],2026-05-06 00:00:00.0
2026-08-27,F04510E6-000E-4A47-99AF-8FB970834A97,https://www.nps.gov/gwmp/learn/management/record-of-determination-for-temporary-closure-of-the-clara-barton-parkway-right-lane-at-site-17.htm,Temporary Closure of Right Lane of Clara Barton Parkway,clba,"Temporary Closure of the Clara Barton Parkway Right Lane at Site 17, wooded areas between C&O Canal and Lock 10 parking lot, north to Lock 14, required to address ongoing safety concerns from DC Water emergency sanitary sewer overflow & bypass and pipe repair operations. Click on ""More"" below for specifica details on the closure.",Park Closure,[],2026-05-06 00:00:00.0
2026-08-27,F322E0B6-54E5-4887-A604-7F59C4F08765,,Elevator for Accessible Tour Out of Service,maca,"Due to mechanical issues with the cave elevator, the Accessible Tour is currently unavailable. Please check back for updates or call the visitor center at (270) 758-2180.",Park Closure,[],2026-05-06 00:00:00.0
2026-08-27,EBF7B966-B301-4B72-9EB6-137ADA4BD070,https://www.nps.gov/vafo/learn/news/vafo-isaac-potts-house-restoration.htm,Isaac Potts House (Washington's Headquarters) Closed For Restoration,vafo,"The Isaac Potts House (Washington's Headquarters at Valley Forge) is temporarily closed for a restoration project. The Washington's Headquarters area, including the Valley Forge Train Station and exhibits, Commander-In-Chief's Guard Huts, and George Washington statue, remains open and accessible during regular operating hours. Learn more about the restoration project at the link below.",Information,[],2026-05-05 00:00:00.0
2026-08-27,42C7073A-D1FF-42C0-AA90-0A83A056678F,,Historic Andrew Johnson Homestead Reopens,anjo,The Home of our 17th president has reopened to the public. Daily tours available. See GUIDED TOURS information on website for more details.,Information,[],2026-05-04 00:00:00.0
2026-08-27,B00588BF-69E7-4416-B25A-8A20BDC38F9B,,Change in Hours for Summer Season,tont,"Due to the potential of excessive summer heat, starting Monday May 4, The Lower Cliff Dwelling Trail will close at 12:00P.M. The visitor center & park will remain open until 4:00P.M. These hours will be in place until Saturday October 3.",Information,[],2026-05-03 00:00:00.0
2026-08-27,4EE08E33-BC6B-4F19-8852-F0FD781ED0EE,,"Road Construction Work to begin May 4-Oct 24, 2026",alfl,"Road construction to occur Monday through Friday between the hours of 7:00 am and 8:00 pm, weather permitting. Expect delays of up to 30 minutes during active construction periods.",Information,[],2026-05-02 00:00:00.0
2026-08-27,43BAF54F-4F45-4E17-B9DB-8545125D500B,,Road Construction Work to begin May 4-October 24,lamr,"Road construction work to occur Monday thru Friday between the hours of 7:00 am and 8:00 pm, weather permitting. Expect delays of up to 30 minutes during active construction periods.",Information,[],2026-05-02 00:00:00.0
2026-08-27,CEFF36CB-2C7C-45AA-A883-C1F6DDE05A87,https://www.ksdot.gov/Home/Components/News/News/5941/388?widgetId=3497,"The Preserve is Open, but K-177 Highway Closed 12 Miles North",tapr,"Beginning Monday, March 2, K-177 will close for a bridge replacement near Council Grove on K-177; local traffic only. Tallgrass Prairie National Preserve is OPEN, but must be accessed from the south. K-177 thru traffic will be directed to follow the state detour on U.S. 56, U.S. 56/U.S. 77 and K-150. KDOT uses state highways for official detour routes for safety, weight and maintenance concerns. Go to KDOT website for detour map.",Information,[],2026-05-01 00:00:00.0
2026-08-27,9BFB0A37-9427-474C-A45F-CA748F378148,https://www.nps.gov/saga/planyourvisit/fees.htm,Saint-Gaudens NHP is cashless,saga,Cash payments at Saint-Gaudens NHP are not accepted as a method of payment for entry passes. Credit and debit cards are accepted.,Information,[],2026-04-30 00:00:00.0
2026-08-27,30C1F49A-76C5-4EEA-818C-458ABA005625,,Sunday Parking,saga,Cars may be directed to park in the Overflow/RV Lot between 12:30pm and 4:30pm on Sundays in July and August. Parking for buses and large RVs may be limited or unavailable during this period. Accessible parking is located near the visitor center.,Information,[],2026-04-30 00:00:00.0
2026-08-27,0EFBFB80-7DF1-4E01-9C4A-5AB34F67FC77,,"Reservations Only at Kyles Landing and Erbie - Starting September 1, 2026",buff,"Starting September 1, 2026, reservations will be required for all campsites at Kyles Landing and Erbie Campgrounds. Reservations must be made through Recreation.gov (www.recreation.gov) or by calling 877-444-6777. Reservations can be made the same day or up to six months in advance. Please note that cell phone service is unreliable in these areas, so it is strongly recommended to make your reservation before arriving at the campground.",Information,[],2026-04-29 00:00:00.0
2026-08-27,3BB31F02-7D4A-471C-B946-7C67ACE0A8C1,https://www.parksconservancy.org/projects/china-beach,China Beach Construction Phase 2 Spring - Summer 2026,goga,"Project continues with improvements to the lower terrace and picnic areas, rehabbing the interior and exterior of the bathhouse, and installing seating and foot wash station near beach. Projects are expected to take 16-18 months. See link for details.",Information,[],2026-04-27 00:00:00.0
2026-08-27,4D8723AB-7B52-4151-8CF6-7039EFB557C6,,Visitor Center and Bookstore Open Tues - Sun,carl,"Visitor Center and Bookstore hours are Tues - Sun 9-5. It is currently a .7 mile hike from the main parking lot and a .4 mile walk to the historic area from the Hikers Lot. Please keep this in mind. If you have access needs, please call the number posted in the parking lot.",Information,[],2026-04-27 00:00:00.0
2026-08-27,F98F5A32-5768-4034-AE6C-2380F611CFE8,https://www.facebook.com/DelWaterGapNPS/posts/pfbid0FaGH16GVU8G1wSL8SSVUajiHDgWLgYXjSFMzfU1sVQLCX9ei1jN9xuxZq8A4ZYrJl,"Old Mine Road North Construction Closure Begins April 6, 2026",dewa,"Old Mine Road between Jager Road and Route 206 will close to all traffic beginning on April 6, 2026. Contractors will work to rehabilitate a 3.5-mile stretch of road. The construction area will be closed to all traffic for the safety of park visitors and contractors.",Park Closure,"[{'title': 'Old Mine Road Between Jager Road and Route 206', 'id': 'F98F5A32-5768-4034-AE6C-2380F611CFE8', 'type': 'roadevent', 'url': 'https://www.nps.gov/dewa/planyourvisit/conditions.htm'}]",2026-04-22 00:00:00.0
2026-08-27,235CA2B3-B16E-4243-A194-366CDC121942,https://www.recreation.gov/vehiclepermits/3332404,Off Road Vehicle Inspections,bicy,"ORV renewals & new permits will be issued at the Nathanial P. Reed Visitor Center Friday-Monday, 9am-1:30pm. No permits will be issued Tuesday-Thursday. Permits will be issued first-come first-served. Visit our ORV page for more information",Information,[],2026-04-22 00:00:00.0
2026-08-27,59E4059D-2C2D-434C-86FB-B2E0D041A173,https://www.recreation.gov/vehiclepermits/3332404,ORV Permits Sold Online,bicy,"Starting May 1st, 2026 ORV permits will be able to be purchased online. The physical office will remain open for the summer Friday-Monday from 9am-1:30pm. Please click the link to PREVIEW the site until it goes live on May 1st.",Information,[],2026-04-22 00:00:00.0
2026-08-27,F4AB8754-5847-4FB2-AB55-670DAD3FE1DF,,Infrastructure Improvements to Old Rag Trailhead,shen,"Effective May 4, Shenandoah National Park will begin infrastructure enhancements at the Old Rag Trailhead main parking lot. We expect to complete work by November 2026. Until then, the main parking lot is closed to all vehicle and pedestrian traffic. Visitors can access Old Rag Trailhead via existing overflow parking lots. Day-use tickets are still required from March 1 through November 30 in addition to a park entrance fee.",Information,[],2026-04-22 00:00:00.0
2026-08-27,BC3F8F95-D556-41DE-AD27-7DFB09526C66,,Shenandoah National Park Moved to Fully Cashless Fee Collection,shen,"On July 1, 2025, the park transitioned to a fully cashless system at our fee entrance stations. Only credit cards, debit cards, or mobile payments will be accepted.",Information,[],2026-04-22 00:00:00.0
2026-08-27,CED9C865-01ED-4226-AFC1-10718B63A2A6,https://www.nps.gov/gwmp/learn/management/record-of-determination-for-temporary-closure-of-the-clara-barton-parkway-right-lane-at-site-17.htm,Temporary Closure of Right Lane of Clara Barton Parkway,gwmp,"Temporary Closure of the Clara Barton Parkway Right Lane at Site 17, wooded areas between C&O Canal and Lock 10 parking lot, north to Lock 14, required to address ongoing safety concerns from DC Water emergency sanitary sewer overflow & bypass and pipe repair operations. Click on ""More"" below for specific details on the closure.",Park Closure,[],2026-04-22 00:00:00.0
2026-08-27,14BFEC5E-5440-49CB-8A95-4E24B9517640,,Ongoing Road Repair on Main Road,cuis,Ongoing road work will be taking place throughout the Main Road on the island. Expect potentially heavier vehicle traffic and areas of uneven terrain. Please yield to construction traffic. Be aware of approaching traffic both in front as well as from behind.,Information,[],2026-04-22 00:00:00.0
2026-08-27,F0DB9548-4A6F-4D8A-A12F-443FABB37F2F,,Paddling Conditions,cong,"Trees down across Cedar Creek between Bannister's Bridge and South Cedar Creek may require significant portages depending on water levels & paddlers should plan accordingly. All paddlers should have necessary equipment, including the 10 Essentials.",Caution,[],2026-04-20 00:00:00.0
2026-08-27,7F949259-384C-4098-A7CF-90E54C09E118,https://www.nps.gov/blca/planyourvisit/camping.htm,Cashless Operations,blca,Black Canyon's operations are now cashless. South Rim Campground is by reservation only via Recreation.gov. East Portal & North Rim campground sites are first-come first-served and accept payment using Scan & Pay through Recreation.gov's mobile app.,Information,[],2026-04-15 00:00:00.0
2026-08-27,DBE45374-38F4-40F8-8B3D-454FE310AE09,,Site Closure for Utilities Improvement Project,edal,The Edgar Allan Poe National Historic Site is closed for a utilities improvement project.,Park Closure,[],2026-04-14 00:00:00.0
2026-08-27,B92D8BF8-9B82-4930-877C-6AFC1C3B8845,https://www.nps.gov/libi/planyourvisit/visitor-center-construction.htm,Oversized Vehicles are Unable to Park in Visitor Center Parking Lot,libi,"Due to construction, oversized vehicles will not be allowed to park in the visitor center parking lot due to lack of space and ability to turn-around safely. There is oversized parking along the main park road.",Information,[],2026-04-12 00:00:00.0
2026-08-27,C4B686D0-FE61-47ED-983C-3BE7FBE76625,https://www.nps.gov/crla/planyourvisit/cleetwood-cove-trail-and-marina-rehabilitation.htm,Cleetwood Cove Trail is CLOSED for Rehabilitation,crla,"The Cleetwood Cove Trail is CLOSED for construction. This critical project will fully rehabilitate the trail and marina to ensure safe access to the lake, provide a much-improved visitor experience, and protect the environment.",Park Closure,[],2026-04-10 00:00:00.0
2026-08-27,37CFEFAB-CC85-4ED3-8850-D1EE86A7F0DF,,Protect Yourself from Volcanic Tephra,havo,"Volcanic ash, rock and glassy strands (tephra) is present at Kīlauea summit and can irritate your skin, eyes and respiratory system. For your safety, do not handle it. Eye protection, long sleeves, long pants, a hat, closed-toe shoes and a dust mask are recommended.",Caution,[],2026-04-08 00:00:00.0
2026-08-27,031E225F-49AB-4264-9DD6-4402E620DC1B,https://www.nps.gov/havo/planyourvisit/lava2.htm,Kīlauea eruption,havo,Volcanic eruptions can be hazardous. Stay out of closed areas and monitor air quality. Eruptions can last a few hours and are often separated by pauses lasting several weeks.,Danger,[],2026-04-08 00:00:00.0
2026-08-27,EAB6278E-32F7-4DF0-B6D2-C3EFAAB3B897,https://www.nps.gov/mora/planyourvisit/park-construction.htm,Ohanapecosh Campground area closed for construction in 2026.,mora,"The entire Ohanapecosh Campground area is CLOSED for the duration of the construction project, including all campsites, visitor center, restrooms, picnic area, & Ohanapecosh river access.",Information,[],2026-04-08 00:00:00.0
2026-08-27,AB8214A2-E008-4E1F-9727-6BE717D8F39A,,Nature Center and Planetarium Closure,rocr,The Nature Center and Planetarium building is closed until further notice due to continued remediation. Check the park's calendar for changes to ranger programs and locations.,Park Closure,[],2026-04-08 00:00:00.0
2026-08-27,3306D49D-7FCF-44B3-B91C-BF925E3E9F58,https://www.nps.gov/glca/learn/changing-lake-levels.htm,No dock access to Rainbow Bridge,rabr,"At current lake levels, Rainbow Bridge docks do not reach the land. Dock-to-trail access to Rainbow Bridge will not be available until water levels rise again. Restrooms at the dock will remain open. This alert will stay up until the situation changes. Check the link for current lake information.",Park Closure,[],2026-04-06 00:00:00.0
2026-08-27,645C6CB6-375E-4B12-9284-CAAC1EDFBA0D,https://www.nps.gov/laro/learn/news/hawk-creek-area-closed-for-2026-recreation-season.htm,Hawk Creek Area Closed for 2026 Recreation Season,laro,"The Hawk Creek Campground and boat launch area will close to all public access starting April 16 through Oct. 6. The closure is necessary to keep visitors, staff, and construction crews safe during the Hawk Creek Road Improvements and Stabilization Project. It may be extended through Oct. 30, if needed. The project, managed by the Federal Highway Administration in partnership with Lincoln County and the National Park Service, will begin at the intersection of Hawk Creek Road and Miles Creston Road.",Park Closure,"[{'title': 'Hawk Creek Road Construction 2026', 'id': '645C6CB6-375E-4B12-9284-CAAC1EDFBA0D', 'type': 'roadevent', 'url': 'https://www.nps.gov/laro/planyourvisit/conditions.htm'}]",2026-04-03 00:00:00.0
2026-08-27,32F2E3B2-8616-4DD2-8EEF-37F565F0D2EC,,Operating Hours,cana,The seashore is currently operating on the hours of 6:00 AM - 8:00 PM. Last entry into the seashore is at 7:00 pm.,Information,[],2026-04-02 00:00:00.0
2026-08-27,20176EF8-5247-4B67-BE12-5C789CB31A8A,,Road Construction Near the Park,pull,"There is road construction near the park visitor center along 111th St. and S. Cottage Avenue. Please use caution and allow extra travel time when visiting. Construction is expected to last through the fall. In addition, on occasion the vehicle entrance for parking at 610 E. 111th street is limited to one lane.",Caution,[],2026-04-02 00:00:00.0
2026-08-27,3743770E-667F-4695-98CB-2E872CD05C84,,Dogs Prohibited on Grand Parade Trails from April 1 to September 15,vafo,"The Grand Parade Trails are closed to dogs from April 1 to September 15 to protect breeding birds nesting in the meadows. Nesting songbirds see dogs as predators, which can stress the birds and lead to less productive or even failed nests.",Information,[],2026-04-01 00:00:00.0
2026-08-27,BCAC8B26-7ADE-40F6-8D05-36D666064F3D,https://www.nps.gov/gwmp/learn/management/record-of-determination-for-temporary-closure-of-the-aid-box-climbing-area-at-great-falls-park-closure-is-required-due-to-a-geological-event-making-most-climbing-routes-no-longer-accessible.htm,Aid Box Rock Climbing Area Closed,grfa,The Aid Box rock climbing area is temporarily closed due to a recent rock topple.,Park Closure,[],2026-03-31 00:00:00.0
2026-08-27,5DAFD8CE-ED3D-4C75-BBBC-EC5EBC5010D5,https://www.nps.gov/thro/learn/news/theodore-roosevelt-national-park-to-move-to-cashless-fee-collection-starting-may-1.htm,Theodore Roosevelt National Park moves to cashless fee collection,thro,"Starting May 1, Theodore Roosevelt National Park will accept only credit cards, debit cards, or digital payments for entrance fees, campground fees, and Interagency Passes. Cash and check payments will no longer be accepted.",Information,[],2026-03-31 00:00:00.0
2026-08-27,61BCC320-4652-4ED1-99BD-D8503964F911,https://www.nps.gov/asis/learn/management/index.htm,Administrative Closure of Areas due to Nesting Shorebird Season,asis,Effective 4/2/26: The closure includes the following areas within the boundary of the National Seashore : * North End * All island interior beach habitat along the northern section of Assateague Island National Seashore (north of Assateague State Park) is closed to all entry between KM 0.5 - KM 9.5. * The island interior beach habitats between KM 21.8 - 22.8 and 23.5 - 24.5 of the MD OSV Zone are closed to all entry. This includes habitat from the existing OSV boundary west to the vegetated shrub line.,Information,[],2026-03-30 00:00:00.0
2026-08-27,50D78C92-4744-4159-80AC-234BDDAA85FF,https://presidio.gov/about/sustainability/coyotes-in-the-presidio,Presidio Trust Trails Annual Coyote Pupping Season is April to October,goga,"To prevent dog-coyote conflicts, avoid seasonally closed sections of the Park Trail and the Bay Area Ridge Trail to dog walking. Explore open dog-friendly trails instead and remember to keep dogs on leash. Visit the Presidio Trust's website for more details.",Information,[],2026-03-30 00:00:00.0
2026-08-27,77FB8896-4A62-4B7C-971A-182AE991288B,,Alava Trail Closure,npsa,"The Mount Alava trail and Fatifati trail from the Fagasa pass to the summit is closed for trail improvement work until further notice. Visitors can hike to the Alava trail from the Old Vatia trail, it is a much steeper and more rugged climb. Other suggested hiking alternatives include Upper and Lower Sauma trails and the Tuafanua trail.",Park Closure,[],2026-03-26 00:00:00.0
2026-08-27,B8D8832D-1756-4193-A883-4B0E0FD82134,https://www.nps.gov/glca/learn/changing-lake-levels.htm,Launch Ramp Updates,glca,Lake level changes will influence the functionality of all launch ramps. Find updated status of all launch ramps at the link.,Park Closure,[],2026-03-25 00:00:00.0
2026-08-27,E9F1FADD-2B61-4C0A-ADD7-4F12D508D260,https://www.nps.gov/beol/planyourvisit/safety.htm,Beat the Heat!,beol,Make sure to take weather into consideration when visiting. Carry water and use sunscreen to reduce the risk of heat injuries during your visit.,Danger,[],2026-03-24 00:00:00.0
2026-08-27,13AF641C-2DCC-479A-A0C9-5CE48D4E6717,,Dead Horse Bay (Brooklyn) Remains Closed to the Public,gate,"The entire southern area of Dead Horse Bay, including Glass Bottle Beach, is closed to the public. Dead Horse Bay is located in Brooklyn, NYC.",Park Closure,[],2026-03-24 00:00:00.0
2026-08-27,B28BDD5D-BBC4-454C-A34B-BE47D64A1C3A,,Oasis of Mara Trail Partial Closure,jotr,"Due to a heavy flooding event, the Oasis of Mara Trail is closed past the Oasis.",Caution,[],2026-03-19 00:00:00.0
2026-08-27,57EFE369-9186-400A-8F18-0E966993B8A3,https://www.nps.gov/yell/planyourvisit/parkroads.htm,Traffic Delays - Gardner River High Bridge,yell,"Expect a single lane of traffic with up to 15-minute delays, 24 hours a day, seven days a week, from April 1 through late October 2026. Oversized/overweight vehicles (8'6""+ wide, 75'+ long, 80,000 lbs+ gross vehicle weight) will not be able to cross the bridge during this time.",Information,"[{'title': 'Traffic Delays - Gardner River High Bridge', 'id': '57EFE369-9186-400A-8F18-0E966993B8A3', 'type': 'roadevent', 'url': 'https://www.nps.gov/yell/planyourvisit/conditions.htm'}]",2026-03-19 00:00:00.0
2026-08-27,698D84A8-AC1F-413D-8ED6-5794E933A5DB,,Trip-planning tips for 2026,arch,"Planning to visit Arches this year? To ensure the best experience, please anticipate potentially long wait times at the entrance station. If trailhead parking is full, plan to return a little later. Please avoid parking on vegetation and roadways to help preserve this beautiful place for everyone to enjoy.",Information,[],2026-03-18 00:00:00.0
2026-08-27,B8BFD4B0-F895-4D26-A5F4-48DD9E38BEC9,http://www.cumberlandislandferry.com,Scam Warning - Book ferry tickets through concessioner site only,cuis,Valid ferry tickets can only be purchased through the website www.cumberlandislandferry.com. Check site carefully before purchasing. Only valid tickets will be honored.,Caution,[],2026-03-17 00:00:00.0
2026-08-27,540965D2-AFA0-42F8-886C-5E39A2E5A274,,Trip-planning tips for 2026,cany,"Planning to visit Canyonlands this year? To ensure the best experience, please anticipate potentially long wait times at the entrance station. If overlook or trailhead parking is full, plan to return a little later. Please avoid parking on vegetation and roadways to help preserve this beautiful place for everyone to enjoy.",Information,[],2026-03-17 00:00:00.0
2026-08-27,392FE75E-7A06-4AB3-88A4-EE9CFB9EE070,,Phone Service Unavailable,puhe,"Phone service at Puʻukoholā Heiau National Historic Site is currently unavailable. If you need to contact the park, please email us at puhe_info@nps.gov and a staff member will respond as soon as possible. We appreciate your patience while service is being restored.",Information,[],2026-03-16 00:00:00.0
2026-08-27,697F21B4-1BBE-4241-8A0E-6F3552D3FA77,,Telephone System is Experiencing Connectivity Issues,sahi,The phone system at Sagamore Hill is experiencing connectivity issues. Please contact the park via email at sahi_information@nps.gov when phones are out of service.,Information,[],2026-03-15 00:00:00.0
2026-08-27,2D29B6CC-8C04-424A-802B-1312CA14B682,,Temporary Closures of Park Entrance Possible if Parking Lots Become Full,grfa,"If parking lots become full, there will be a temporary closure of the park entrance at Georgetown Pike & Old Dominion Drive. The park entrance will re-open as soon as space becomes available. For updated information about parking, call Visitor Center at 703-757-3101",Information,[],2026-03-13 00:00:00.0
2026-08-27,9FD779B4-D9BE-49BC-88CF-5D6CE8802AE1,https://www.nps.gov/colo/planyourvisit/colo-parkway-rehab.htm,Rehabilitation of Colonial Parkway Continues,colo,Construction on the Colonial Parkway is affecting travel in many sections. Please follow all detour and caution signs. Additional information can be found at the link below.,Park Closure,[],2026-03-06 00:00:00.0
2026-08-27,AFBD018C-BB52-4A74-9803-4C960E959048,https://www.nps.gov/planyourvisit/passes.htm,Annual and lifetime passes not available for purchase,puho,"Annual and lifetime passes are not currently available for purchase at Puʻuhonua o Hōnaunau National Historical Park. As an alternative, you can purchase an annual pass online.",Information,[],2026-03-03 00:00:00.0
2026-08-27,A6B4D832-98E7-4A59-ACE6-C79C999EC174,https://www.dcwater.com/about-dc-water/media/potomac-interceptor-collapse,DC Water Sewer Overflow,choh,DC Water is managing a sanitary sewer overflow from the Potomac Interceptor near Lock 10. Anyone with questions or in need of support can reach out to DC Water’s 24-Hour Command Center at (202) 612-3400 or visit https://www.dcwater.com/about-dc-water/media/potomac-interceptor-collapse.,Caution,[],2026-03-02 00:00:00.0
2026-08-27,B0DB1721-80A7-4BD2-AC15-1048D72613DF,,"The Painted Desert Oasis Gift Shop, Gas Station and Restaurant are Open!",pefo,"The Painted Desert Oasis gift shop, gas station and restaurant located at the north entrance of the park are open, and restrooms are available during construction. Visitor center operations are currently located at the Painted Desert Inn, two miles past the entrance station.",Information,[],2026-02-26 00:00:00.0
2026-08-27,205EA2CA-F14A-46AE-8744-6EEFF28EC7D3,https://www.nps.gov/hamp/planyourvisit/conditions.htm,Parking impacted due to the Legacy Restoration Fund Project,hamp,"The Lower Farm parking lot near the Mule Barn is closed due to the Legacy Restoration Fund Project. The Upper parking lot located near the Orangery has reduced capacity due to a partial closure because of the Legacy Restoration Fund Project. To learn more about parking at Hampton NHS, click the link or visit the alerts page and then scroll down to the area that talks about parking.",Park Closure,[],2026-02-24 00:00:00.0
2026-08-27,DC37A899-318A-4508-87DB-A4FA011CCE13,,Park Headquarters Phones are Down,pefo,Phones at park headquarters are currently down. Please call the visitor center at Painted Desert Inn 928-235-2467 or the Visitor Services office 928-235-2391 between 8 am and 5 pm. You can also send us an email at pefo_information@nps.gov.,Information,[],2026-02-24 00:00:00.0
2026-08-27,E71075A9-7B49-41E9-9245-C97CF151772A,https://www.nps.gov/vick/planyourvisit/illinois-memorial-restoration.htm,Illinois Memorial Closed for Restoration,vick,"The memorial itself closed for restoration starting on September 16, 2025. Starting on March 2, 2026, access to Tour Stops 2 and 3 will be temporarily closed. The closure point will be at the Shirley House. Visitors will still be able to continue north along Union Avenue and access the remainder of the Tour Road. This section will remain closed for the duration of the Illinois Memorial Restoration. The project is expected to be completed by September 2026.",Park Closure,[],2026-02-23 00:00:00.0
2026-08-27,5204E953-21CF-49D5-BACB-8B24DF7A9D81,,Condition of Turkey Creek Trail,lamr,"The South Turkey Creek Trail, located near the Harbor Bay Campground Area, is currently open for hiking for the first mile; however, the remainder of the trail is underwater and cannot be safely accessed.",Information,[],2026-02-23 00:00:00.0
2026-08-27,6CA64390-AE2E-429E-B34F-3B4F4584BEC8,,Overlook Park Lot Unavailable After Dark,pagr,The park parking lot at 72 McBride Extension is open from dawn to dusk every day. Any vehicles left in the parking lot after dusk (i.e. sunset) are subject to towing at owner's expense.,Information,[],2026-02-18 00:00:00.0
2026-08-27,3FC08B61-062E-4657-A182-A22DCF486AB5,,Speed Limits are Much Lower Inside Park than Surrounding Highways,grsa,"Speed limits for the park include 30 MPH near the park boundary and Great Sand Dunes Sign, and as low as 10 MPH near the Headquarters and Entrance Station. Speed limits are in place to protect park visitors, pedestrians, and wildlife in the park. Please drive carefully and responsibly.",Caution,[],2026-02-17 00:00:00.0
2026-08-27,B05C864B-F93B-4147-9275-D8D4DA8090CE,https://www.nps.gov/hamp/learn/legacy-restoration-fund-project.htm,Buildings located on the farm side are closed,hamp,Buildings located on the farm side of Hampton National Historic Site are closed due to construction related to the ongoing Legacy Restoration Fund Project. Visit the project webpage for more information or click the link to learn more.,Park Closure,[],2026-02-12 00:00:00.0
2026-08-27,F093B239-D138-4B04-BDFE-745A41F17B04,https://www.nps.gov/zion/planyourvisit/angels-landing-hiking-permits.htm,Angels Landing Pilot Permit Program,zion,Everyone who hikes Angels Landing needs to have a permit. Learn why you need a permit and how to get one. This requirement does not affect entering the park or riding the park shuttle (when it is running).,Information,[],2026-02-11 00:00:00.0
2026-08-27,230A2397-5226-480B-8BEE-90AB5A9C2F42,,RV and trailer precautions: be aware of vehicle restrictions before visit.,sagu,"As the busy season ramps up, traffic will be denser and can result in delays and complications particularly for owners of longer vehicles. The Tucson Mountain District (west side) of the park can accommodate vehicles up to 40ft in total length on the loop drive and has RV parking available at the Visitor Center, and the Rincon Mountain District (east side) can accommodate vehicles up to 40ft in length on the loop drive but has no RV parking available at the Visitor Center.",Information,[],2026-02-11 00:00:00.0
2026-08-27,72638ED6-CF7E-4D2A-B26C-081741FF6DA2,,No Water at Hosmer Campground,hale,"As of September 30, 2025, water at Hosmer Campground in the Summit District is shutoff due to a waterline break. Water is available 24-hours at Headquarters Visitor Center one mile up the road. At this point we don't have an estimate for when repairs will be complete.",Information,[],2026-02-11 00:00:00.0
2026-08-27,08BD32B7-532A-485D-B6FC-122C92DA129F,,Application for Special Use Permit,lamr,"Each applicant is required to complete a new ""Application For Special Use Permit"" prior to any new permit being issued",Information,[],2026-02-09 00:00:00.0
2026-08-27,AFB62133-8726-41CB-93A5-848C94B0AE2B,,Vehicle Weight Limit at Kenilworth Aquatic Gardens Entrance,keaq,"Due to structural conditions at the driveway entrance, access to the Kenilworth Aquatic Gardens main entrance and parking lot is limited to vehicles with a gross vehicle weight rating (GVWR) of 16,000 pounds or less.",Danger,[],2026-02-05 00:00:00.0
2026-08-27,D7C1A68E-7C91-4992-8341-537964C70079,,Replace Bocce Ball Court Retaining Wall,safr,"Project work begins on Monday, February 9 to replace the bocce ball 50-foot retaining wall in order to improve existing infrastructure and enhance visitor safety. Several parking spots on lower Van Ness will be fenced off and the bocce ball court will not be accessible for the duration of the project, slated through August 2026. Please be aware of machinery, work, and signs.",Information,[],2026-02-05 00:00:00.0
2026-08-27,5D313EE6-F799-4DA9-A2F1-A677B02DE01D,,Phone Lines Currently Down,whmi,"The Whitman Mission NHS phone lines are currently down. If you need to contact us, please email whmi_interpretation. For field trip scheduling, please email whmi_education@nps.gov",Information,[],2026-02-04 00:00:00.0
2026-08-27,DEEF1D1E-E2AE-4CE7-AD53-70E7F876070B,,Life Jackets Required!,niob,"By Nebraska State law, all children 13 years old and younger must WEAR a USCG approved life jacket to float the Niobrara NSR. Anyone over 13 years old must HAVE a life jacket. If you are renting equipment, your outfitter will provide them.",Caution,[],2026-02-03 00:00:00.0
2026-08-27,8E9F1307-4B0D-491C-BCB6-2FFCC1B2AC99,,Staff Unable to Check Phone Messages at the Visitor Center,moca,"At this time, staff are unable to check or receive phone messages left at the visitor center. All calls to the park are being routed to Tuzigoot National Monument. You can also reach the park at moca_tuzi_info@nps.gov if you need to contact the park.",Information,[],2026-01-30 00:00:00.0
2026-08-27,0BBA2DAF-A401-4A3D-9D7C-38E2A83D72AD,https://www.nps.gov/whsa/planyourvisit/safety-corridor-in-effect.htm,Dunes Drive Safety Corridor,whsa,Dunes Drive is open. A safety corridor is in effect between mile marker 3 and 5.5 along Dunes Drive. Visitors may drive but not stop or exit their vehicle in this area.,Park Closure,[],2026-01-27 00:00:00.0
2026-08-27,AFFE1848-F723-4A82-9658-FC46F130C7CA,,Temporary Phone Number for Visitor Center,fobu,Our main phone number for the visitor center is temporarily disconnected. Please call 307-877-4456 to reach a ranger.,Information,[],2026-01-22 00:00:00.0
2026-08-27,AAA27376-C7B1-4E81-AB10-5E0F75CA22E7,,Voicemail not functioning,hove,The voicemail for the main park phone line (970-562-4282) is not functioning reliably. People are advised to call during business hours in order to speak with a ranger.,Information,[],2026-01-22 00:00:00.0
2026-08-27,F2721575-FC5B-4DD1-B2C6-8E02933DA1FF,,We Do Not Mail Junior Ranger Books,hamp,We do not mail Junior Ranger books; please download from site. Completed books may be submitted digitally. Junior Ranger badges may be mailed once per person per calendar year after completion. We do not mail completed books back.,Information,[],2026-01-17 00:00:00.0
2026-08-27,92C2F3DD-61FC-472F-9653-AD0CBB3EF3C5,,"Hospital wing, dining hall, shower room closed for rehabilitation work",alca,"Until approximately 2028, a portion of the cell house will be closed to visitors for important historic preservation work. We apologize for any inconvenience. Learn more at https://www.nps.gov/alca/alcatraz-historic-preservation-projects.htm",Information,[],2026-01-12 00:00:00.0
2026-08-27,478F35AB-327C-4904-8C74-77FC15A841B7,,Expect Long Waits at the Summit Entrance Station Before Sunset,hale,"Due to a high volume of traffic, cars may be temporarily turned around at the gate when capacity is reached. Purchasing a pass online does not guarantee entry at sunset. To ensure timely access, arrive 3 hours before sunset. ",Information,[],2026-01-09 00:00:00.0
2026-08-27,5362D249-4C75-4E5C-95CF-FA9E0C878AA0,https://www.nps.gov/gett/planyourvisit/david-wills-house.htm,David Wills House Closure,gett,The David Wills House is currently closed. No known reopening date is available. Please visit our David Wills House web page for more information and a 3D tour of the house.,Park Closure,[],2026-01-08 00:00:00.0
2026-08-27,3D8667EC-7753-45E0-97D5-7E4B04E92EBA,,Limited Parking and Traffic Delays in Summit District,hale,"Beginning Monday, January 12, 2026 Haleakalā Visitor Center (summit district) parking lot will have limited parking due to a water infrastructure project. Expect traffic delays. The project will last several months.",Information,[],2026-01-08 00:00:00.0
2026-08-27,AAB35F6A-F25C-462E-8ABE-6C4842B510C4,https://www.nps.gov/choh/planyourvisit/horsebackriding.htm,Equestrian Traffic Temporarily Prohibited - Mile 124.5 to 155,choh,Horses are prohibited between Little Tonoloway (mile 124.5) and Paw Paw (mile 155) due to recent and ongoing towpath resurfacing. See more for details.,Information,[],2026-01-08 00:00:00.0
2026-08-27,BD961B65-1849-4977-930B-C0CBA73E8A03,,Pet Policy,azru,"Pets are not allowed inside the visitor center at Aztec Ruins or on the trail through the Aztec West Great House. Pets are welcome in the parking lot, the picnic area, and along the Old Spanish Trail. Service animals are the only exception. Emotional support, therapy, and companion animals are not considered service animals and therefore not permitted in the visitor center or on the trail through Aztec West.",Information,[],2026-01-04 00:00:00.0
2026-08-27,40A7BB0F-7EE2-4750-BD15-94138FAA2071,,Museum to Remain Open During Construction,okci,"The Oklahoma City National Memorial Museum, Outdoor Symbolic Memorial, and Book Store will remain open during the construction of Foreward - a new Chapter of the museum. Visitors will enter through a new entrance on the southwest corner of the building. A temporary Visitor Experience Center has been placed near the museum for visitors to purchase tickets and browse Memorial merchandise. For more information on Foreward, please visit http://www.memorialmuseum.com.",Information,[],2026-01-03 00:00:00.0
2026-08-27,1FD3BC7F-24E4-4C8B-8F6E-4F3D1ECA641A,,Water is Required,tont,"Due to the trail being steep of 12 percent grade, all visitors wishing to hike the Lower Cliff Dwelling Trail must bring a water bottle with them. No Exceptions.",Caution,[],2026-01-03 00:00:00.0
2026-08-27,41955910-CBC1-4A0A-B3B6-6749C6D6FF39,https://www.nps.gov/subjects/sound/uas.htm,The Use of Drones is Prohibited at Big South Fork National River & Recreation Area,biso,"Currently, the use of drones is prohibited at Big South Fork and all National Parks. Detailed information about the policy is available...",Information,[],2025-12-31 00:00:00.0
2026-08-27,C6F74EF0-48CB-4700-B81E-C2D67F1DE24F,,Staple Bend Tunnel Closure,alpo,"Due to a rockfall, the interior of the Staple Bend Tunnel is closed. The trail is still open. From the Mineral Point Trailhead, visitors can bypass the tunnel, via a path around the right side of the tunnel structure.",Park Closure,[],2025-12-27 00:00:00.0
2026-08-27,28E80981-C491-4145-B312-06322F738693,,Ride Share Services - pickup limited,peco,"Taxi and ride-share services are often not available in Pecos. Even if services like Uber and Lyft will bring you here, it can be very difficult to secure a ride out. Please ensure you have a departure plan in place before being dropped off at Pecos.",Information,[],2025-12-23 00:00:00.0
2026-08-27,AAC423BE-C5AC-4E74-B250-DA50F6A19561,https://www.nps.gov/grsa/planyourvisit/sandboardingsandsledding.htm,Sand Board and Sand Sled Rentals Not Available In Park.,grsa,Sand boarding and sand sled rentals are located in local communities surrounding the park. Visitors are encouraged to arrange rentals BEFORE coming to the park.,Information,[],2025-12-22 00:00:00.0
2026-08-27,326C8534-A2CE-4452-879E-1088DFCE26F5,https://www.nps.gov/muwo/planyourvisit/know-before-you-go.htm,Parking Reservations Always Required,muwo,"Reservations are required for all personal vehicles and shuttle riders visiting Muir Woods. You can make your reservation by visiting www.gomuirwoods.com. Visit our ""Know Before You Go"" webpage to learn more important details before your visit.",Information,[],2025-12-22 00:00:00.0
2026-08-27,73DF9D84-F5DA-43A8-B5A3-8323A625B2F1,,No Cell Service at Muir Woods,muwo,"There is NO cell service at Muir Woods. We discourage scheduling a rideshare service to leave the park. When hiring a taxi, visitors have the option of negotiating a flat rate or using the meter. Under some circumstances a flat rate may be cheaper.",Information,[],2025-12-22 00:00:00.0
2026-08-27,95D7E8E6-D5C2-4DCD-9746-F7D69DE06A70,,Park Wide Caution,kimo,"Visitors should exercise caution when hiking areas of the park. Hazards on trails and in forested areas such as hanging tree limbs, debris on the ground, and washed-out sections of trails and bridges are possible.",Caution,[],2025-12-20 00:00:00.0
2026-08-27,C863AADE-D120-4998-BAFD-CE52246251FA,,Park Wide Caution,nisi,"Visitors should exercise caution when hiking areas of the park that have opened since Hurricane Helene. Hazards on trails and in forested areas such as hanging tree limbs, debris on the ground, and washed-out sections of trails and bridges are possible.",Caution,[],2025-12-20 00:00:00.0
2026-08-27,C84D6B10-83F1-4766-A501-0F66EB47DFF2,,Phone Lines Down,nisi,Our phone lines are being upgraded and are currently down. If you need to contact us please email: NISI_Information@nps.gov Or you may call Cowpens National Battlefield at: 864 461-2828,Information,[],2025-12-20 00:00:00.0
2026-08-27,D9E1D70C-D593-49B6-8FC4-85FAF73E9330,https://www.nps.gov/fomc/planyourvisit/justforkids.htm,We cannot mail out at this time,fomc,We do not mail Junior Ranger books; please download from site. Completed books may be submitted digitally. Junior Ranger badges may be mailed once per person per calendar year after completion. We do not mail completed books back.,Information,[],2025-12-17 00:00:00.0
2026-08-27,750C8175-4064-436D-AA0B-E3BB53BE9CB2,https://www.nps.gov/stsp/planyourvisit/maps.htm,We cannot mail out at this time,stsp,We do not mail Junior Ranger books; please download from site. Completed books may be submitted digitally. Junior Ranger badges may be mailed once per person per calendar year after completion. We do not mail completed books back.,Information,[],2025-12-17 00:00:00.0
2026-08-27,FEB84D31-31DC-4450-A483-C97755337294,https://www.nps.gov/planyourvisit/passes.htm?pubDate=20250805,America the Beautiful Pass not Issued at Wilson's Creek,wicr,"Wilson's Creek National Battlefield is a fee free site. No pass or charge is required to visit. Due to being a fee free site, America the Beautiful Passes are no longer issued. To learn about different pass types and where you can obtain them, including new digital passes, please visit the provided link.",Information,[],2025-12-16 00:00:00.0
2026-08-27,E3D8300D-259B-4A2D-82E8-5B37002F9FA9,,Acadian Cultural Center Temporarily Closed,jela,"The Acadian Cultural Center in Lafayette is temporarily closed due to HVAC issues. Join us at the Prairie Acadian Cultural Center in Eunice for programs and events 5 days a week, Tuesday through Saturday.",Caution,[],2025-12-10 00:00:00.0
2026-08-27,0BF90F72-360B-4116-B3BF-97193DC82F4B,,Park Visitor Center Is Closed,deso,Due to damage from the 2024 Hurricanes. The Park's visitor centers and restrooms are closed due to health and safety issues. The Park has installed portable restrooms located at the front of the park for visitor use.,Information,[],2025-12-10 00:00:00.0
2026-08-27,E2311324-6CA5-4509-A261-54571CA95A3C,,Winter Hours,jica,"December 1, 2025, through March 7, 2026, (change to Daylight Savings Time) all sites are open from 10am to 4pm EST.",Information,[],2025-12-08 00:00:00.0
2026-08-27,E5F3836C-7B40-4550-9650-4F50BF4CE491,https://www.nps.gov/mora/planyourvisit/carbon-river-and-mowich.htm,SR 165 Carbon River/Fairfax Bridge is closed: no access to Carbon River or Mowich Lake.,mora,"There is NO public access to Carbon River & Mowich Lake from SR 165. The bridge is closed to pedestrians, bicycles and vehicles and there is no alternate route.",Park Closure,"[{'title': 'SR165 Carbon River/Fairfax Bridge Closed', 'id': 'E5F3836C-7B40-4550-9650-4F50BF4CE491', 'type': 'roadevent', 'url': 'https://www.nps.gov/mora/planyourvisit/conditions.htm'}]",2025-12-04 00:00:00.0
2026-08-27,4449A7C8-16AA-4419-9445-AFFC36407D3C,https://www.nps.gov/thingstodo/guided_tours_bentsoldfort.htm,Guided Tours at the Reconstructed Fort,beol,Regularly scheduled guided tours provide access into furnished rooms and explore the fort’s role in Westward Expansion and the reconstruction of the fort in 1976.,Information,[],2025-12-01 00:00:00.0
2026-08-27,2A0FB87D-E94E-44F5-B6C6-F060973C7285,,NPS Visitor Wifi,moja,Visitor wifi and wifi calling is now available in The Kelso Depot parking lot for calls including emergencies. Go to the bulletin board at the Kelso Depot restrooms for instructions.,Information,[],2025-11-28 00:00:00.0
2026-08-27,49EA97B7-FB9B-4C24-AD71-65F8FC6E9919,https://www.nps.gov/beol/planyourvisit/fort_status.htm,Capacity Restrictions at the Reconstructed Fort,beol,"The design of the reconstructed fort fails to meet accessibility, fire, and life-safety requirements of 1976. A lack of code compliant components such as emergency lighting, illuminated exit signage, panic hardware on doors, and outwardly swinging exit doors results in a limitation of 49 occupants for visitor operations within the reconstructed fort.",Caution,[],2025-11-25 00:00:00.0
2026-08-27,5AA8A334-36BB-448B-8096-C87178C3788E,https://www.nps.gov/thingstodo/beol_plazaaccess.htm,Plaza Access to Reconstructed Fort,beol,Entry into the reconstructed fort is limited to the central plaza on scheduled days. For your safety respect all closures and restrictions. Guided tours provide access into additional areas.,Caution,[],2025-11-25 00:00:00.0
2026-08-27,8C379399-ABFF-4445-B291-1BDD866CB5A8,https://www.nps.gov/sand/planyourvisit/index.htm,Visitor Services Available Only at the Site,sand,"All visitor Services are available at the Historic Site, 23 miles northeast of Eads, Colorado. The Center for Sand Creek Massacre Studies located in Eads, Colorado is available for appointment only research requests.",Information,[],2025-11-24 00:00:00.0
2026-08-27,43EF6DC7-BEC2-40E3-89E7-EB28F349CC64,https://www.nps.gov/sand/planyourvisit/directions.htm,8 Miles of Unpaved Road to Reach Park,sand,"In order to reach the Sand Creek Massacre Site, visitors must travel on at least 8 miles of unpaved roads. We are not able to guarantee road conditions of county roads 54 or W after spring storms.",Caution,[],2025-11-24 00:00:00.0
2026-08-27,E004B1C3-7EBE-4C10-8F06-AF38F112E5A2,https://www.nps.gov/thingstodo/beol_walk_to_the_fort.htm,A Short Walk is Required to Reach the Fort,beol,"A 1/4 mile (1,275 feet) walk on a paved trail from the parking area is required to reach the gate of the fort. At the end of your visit, you'll return to your vehicle along the same path.",Information,[],2025-11-24 00:00:00.0
2026-08-27,94BF0A56-2B9D-4CB0-B420-8D98104FAB72,,Parking at Boundary Access Areas,shen,"Visitors are reminded to park in designated parking areas when accessing the park via boundary trailheads. Parking in unauthorized locations may result in your vehicle being towed at the owner's expense. Park on the right side of the road approaching Thompson Hollow. Parking is authorized up to the ""No Parking"" sign before a private driveway.",Caution,[],2025-11-20 00:00:00.0
2026-08-27,4473B4B5-487B-4806-8FB3-299C22FC2522,https://www.nps.gov/vall/learn/news/2024-24.htm,Trail closure for pipeline restoration project,vall,The VC09/South Valle Toledo/Posos Trail from the Valle Toledo parking area to the eastern park boundary is closed for restoration. The NPS is working on a trail reroute and will provide details as soon as possible.,Information,[],2025-11-20 00:00:00.0
2026-08-27,E343EE45-583C-42B1-8CB5-2628CECEE4DC,,Backcountry Trail Conditions,cong,"GPS is necessary on backcountry trails: Oakridge, Boggy Gut (formerly River), and Kingsnake. These trails may be difficult to follow.",Caution,[],2025-11-20 00:00:00.0
2026-08-27,E81F00BD-8469-458F-88CD-79CF377096A4,,Volcano Top Access Closed to Vehicles over 26 feet long and to all Trailers,cavo,"The Volcano top access is closed to all RVs, buses, attached pull trailers, or any other vehicle over 26 feet in length due to public safety concerns and limited parking.  Trailer drop-off and RV/bus parking are available at the visitor center.",Park Closure,[],2025-11-18 00:00:00.0
2026-08-27,1FF4A543-5FF0-4B2D-94F0-2F29030381AE,,Fire Restrictions,cave,"Fire restrictions have been lifted at Carlsbad Caverns which means that fires such as charcoal fires in grills and the use of camp stoves or portable grills will be allowed. Igniting and maintaining an open fire must be done with materials that are commonly used for warmth and food preparations such as natural firewood or charcoal briquettes. Other materials such as flammable liquids, garbage, plastic, aerosol canisters, or other artificial substances are not permitted.",Information,[],2025-11-18 00:00:00.0
2026-08-27,A6892820-1A4E-4ADF-AC4F-A715024A35BD,https://www.nps.gov/tuzi/planyourvisit/basicinfo.htm,Park Unable to Receive Phone Messages,tuzi,"At this time, phone messages cannot be left at the visitor center. Please email the park at moca_tuzi_info@nps.gov or call during operating hours if you need to contact the park.",Information,[],2025-11-15 00:00:00.0
2026-08-27,84FFB807-A9DE-4374-8859-A45FC7BBDC32,,Park Information Center - Temporarily Moved,malu,"Please Note: The Park Visitor Center at 450 Auburn Avenue is closed for renovations. For Park information visit Park Rangers at Fire Station No. 6 (39 Boulevard N.E. Atlanta, Georgia) Monday - Sunday, 9:00 am to 5:00 pm. Visitor parking GPS: 423 John Wesley Dobbs NE Atlanta Georgia. View the Park calendar for daily Ranger led tours & talks.",Information,[],2025-11-14 00:00:00.0
2026-08-27,75801CE0-137D-4167-8761-F95B85A12ECB,,"The Picnic Area, Burial Ground, and Potomac River Beach are open Wednesday through Sunday",gewa,"The Picnic Area, Washington Family Burial Ground, and Potomac River Beach are open Wednesday through Sunday, 9:00 am to 5:00 pm",Information,[],2025-11-13 00:00:00.0
2026-08-27,B74C5950-AD5D-40D4-82BE-1EEDF44D8A17,,The Visitor Center is open Wednesday - Sunday from 9:30 a.m. to 4:00 p.m.,gewa,The Visitor Center is open Wednesday - Sunday from 9:30 a.m. to 4:00 p.m.,Information,[],2025-11-13 00:00:00.0
2026-08-27,0B25E4C2-664E-40E6-8DC7-326D660A35A3,,Moores Creek Visitor Center Open Tuesday-Saturday and Park Grounds Open Seven Days Per Week,mocr,The Moores Creek Visitor Center/Bookstore is open Tuesday to Saturday from 9 am until 5 pm. Park grounds are open seven days per week from 9 am until 5 pm.,Information,[],2025-11-13 00:00:00.0
2026-08-27,F5ED1868-7AAB-4BB5-AB7F-5198A5B9B747,,New Park Hours,puhe,"As of November 13, 2025, the new hours of operation at Puʻukoholā Heiau National Historic Site are 8:30am –4:30pm. The parking lot gate will close at 4:00pm.",Information,[],2025-11-13 00:00:00.0
2026-08-27,AD89519B-B6CB-49FE-8F2B-699A5349C57B,,Boquillas Crossing Port of Entry is open Friday-Monday 9:00 am to 4:00 pm,bibe,"Until further notice, the Boquillas Crossing Port of Entry will be open Friday through Monday, 9:00 am through 4:00 pm. It will not change to winter hours at this time.",Information,[],2025-11-13 00:00:00.0
2026-08-27,1D988649-328E-495F-A84A-073A620A1558,https://www.nps.gov/cavo/planyourvisit/fees.htm,Credit/Debit Card Only to pay entrance fees,cavo,"Capulin Volcano only accepts credit/debit cards for entrance fees. Our cooperating association Park Store accepts cash, credit/debit cards, and checks. There are limited cash only entrance passes available through our cooperating association Park Store.",Information,[],2025-11-13 00:00:00.0
2026-08-27,E17127D6-5488-4FED-9D55-DFAEE46965C6,https://www.recreation.gov/gateways/2850,Reservations Required for All Campgrounds,ozar,"As of January 1, 2025, ALL developed campsites will be available through reservation ONLY. These include Pulltite, Round Spring, Alley Spring, Big Spring, Two Rivers, and Akers. Reservations must be made through recreation.gov (online or by calling).",Information,[],2025-11-13 00:00:00.0
2026-08-27,2F4E4CF2-E457-4F55-91F6-67D88754F788,,Intermittent Lane Closures at GW Parkway for Bridge/Pavement Preservation,gwmp,"Beginning on Monday, November 17, 2025, expect intermittent traffic impacts at GWMP. This Bridge and pavement preservation work is expected to extend into the Fall of 2026 and will make repairs to 24 GWMP bridges and over 30 paved roads and parking assets. To minimize traffic impacts, weekday lane closures on George Washington Memorial Parkway, Clara Barton Parkway, and Spout Run Parkway will NOT be allowed inbound to DC from 5:30am to 9:30am and outbound from DC from 2:30pm to 7:30pm Monday through Friday.",Information,[],2025-11-12 00:00:00.0
2026-08-27,8BFDECEA-1900-4FB5-BED6-90A603B42CDB,https://www.nps.gov/grsm/planyourvisit/seasonalroads.htm,Straight Fork and the one-way section of Balsam Mountain Road closed.,grsm,Straight Fork and the one-way section of Balsam Mountain Road (Heintooga Round-Bottom Road) are closed.,Park Closure,"[{'title': 'Road Closed', 'id': '8BFDECEA-1900-4FB5-BED6-90A603B42CDB', 'type': 'roadevent', 'url': 'https://www.nps.gov/grsm/planyourvisit/conditions.htm'}]",2025-11-12 00:00:00.0
2026-08-27,C213E402-79E1-48A4-9B76-C33A247C8395,,National Cemetery Closed to Vehicles; Open to Pedestrians,vick,"Due to weather related incidents, Vicksburg National Cemetery is closed to vehicular traffic, however it is open to pedestrians. Visitor can park in the adjacent USS Cairo parking lot and walk into the cemetery.",Park Closure,[],2025-10-09 00:00:00.0
2026-08-27,A6EDA210-4EDE-4A7F-9000-E6BBFB95BDCE,,Louisiana Circle Closed,vick,Louisiana Circle is closed to vehicles and pedestrians due to slope instability. Navy Circle is open and also provides views of the Mississippi River.,Park Closure,[],2025-10-09 00:00:00.0
2026-08-27,11465413-C4F3-441C-BFF9-BEB55AB9052D,,Be City Smart: Take precautions to secure your vehicle and valuables.,petr,This is an urban park. Don't hide valuables inside your car. Carry items with you on hike. Lock your vehicle and set car alarm. Report suspicious persons loitering/peeking in cars. Call 928-638-7805,Caution,[],2025-09-29 00:00:00.0
2026-08-27,3E4B8C08-23A0-4F40-B290-53BB4959E6CD,https://www.nps.gov/shen/planyourvisit/alert-system.htm,Get Skyline Drive Status Updates,shen,"Sign up for Shenandoah Alerts by texting SHENALERTS to 888777. Any time there are closures, re-openings, or other important safety-related alerts, subscribers will receive a notification via text. You may unsubscribe at any time.",Information,[],2025-09-29 00:00:00.0
2026-08-27,442E4F2B-C87C-4984-8315-DA2B02F729F3,https://www.nps.gov/biso/learn/news/big-south-fork-announces-temporary-closure-of-blue-heron-tipple-bridge.htm,Big South Fork Announces Temporary Closure of Blue Heron Tipple Bridge,biso,"Big South Fork NRRA has announced the temporary closure of the historic Blue Heron Tipple Bridge, effective immediately in the interest of visitor safety. A recent bridge safety inspection conducted by the Federal Highway Administration identified structural issues specific to the pier’s bridge decking which is now leaning beyond acceptable standards.",Information,[],2025-09-29 00:00:00.0
2026-08-27,E124DAA0-C101-4260-A0A4-BF9A02E596A4,https://www.nps.gov/gero/planyourvisit/hours.htm,George Rogers Clark NHP in the Eastern Time Zone,gero,George Rogers Clark National Historical Park is located in the Eastern Time Zone. The memorial closes 15 minutes before the visitor center.,Information,[],2025-09-28 00:00:00.0
2026-08-27,F93E9C9B-1838-4CBF-A85A-A9C466AEDFC4,,Water Availability,gicl,"There is NO water at the scorpion campgrounds and the trailhead for the cliff dwellings. Water is available at the Visitor Center, Woody's corral and TJ's corral.",Information,[],2025-09-25 00:00:00.0
2026-08-27,097494CF-48B5-493A-BFE2-6CE7952EB972,https://www.nps.gov/tuin/planyourvisit/george-washington-carver-museum.htm,Visitor Pass Needed to Visit George Washington Carver Museum,tuin,"All visitors to Tuskegee University, including those visiting the George Washington Carver Museum located on campus, are required to obtain a visitor pass before entering. This policy is part of the university's safety and security procedures. Visitor passes are issued by Tuskegee University Public Safety. Stop by the Campus Public Safety building upon arrival to receive your pass at 1103 West Montgomery Road, Tuskegee, AL 36088.",Information,[],2025-09-24 00:00:00.0
2026-08-27,6C003D5A-53F4-4FA0-86FE-C01942D34418,,Limited Restroom Availability,inde,"Restrooms are available at the Independence Visitor Center at 6th & Market Streets, the corner of 5th and Chestnut Streets, and the Benjamin Franklin Museum (museum entrance requires a fee) in Franklin Court.",Information,[],2025-09-22 00:00:00.0
2026-08-27,AD3D112D-B665-4A11-A077-3EDAA1746882,https://www.nps.gov/para/planyourvisit/4x4-vehicles-and-off-pavement-travel-safety.htm,Looking for a Grand Canyon view? A warning about mobile devices and map/navigation apps,para,"Map apps may direct you to Parashant if you search for directions to ""Grand Canyon"" due the canyon's name in both the national park and monument names. The national park has paved roads and services. Parashant has no services and rugged/remote conditions.",Information,[],2025-09-19 00:00:00.0
2026-08-27,7F8876D0-161A-470B-8A06-854B512C8FE8,,Delays up to 1 hour are possible at Kelbaker Road Railroad Crossing near Kelso Depot,moja,"In the event there are train siding operations at the crossing near Kelso Depot, delays may be up to one hour. Please plan accordingly for this possibility with extra fuel and drinking water. Union Pacific Contact: 1 800 848-8715",Information,"[{'title': 'Kelso Railroad Crossing Delays 1 hour or more', 'id': '7F8876D0-161A-470B-8A06-854B512C8FE8', 'type': 'roadevent', 'url': 'https://www.nps.gov/moja/planyourvisit/conditions.htm'}]",2025-09-19 00:00:00.0
2026-08-27,64215CE3-542C-480A-B648-6960E808893C,,Kelso Depot Visitor Center closed,moja,Kelso Depot Visitor Center is closed for rehabilitation of the heating and cooling system. We expect to reopen the depot in 2026. The restrooms beside the depot are open.,Park Closure,[],2025-09-19 00:00:00.0
2026-08-27,9EA1B763-8882-4466-927F-A766C13B978B,,Lighting and Maintaining Fires Information,mocr,"Fires are permitted only in designated areas and under specific conditions. A fire may be ignited and maintained only by using fuel sources designed and commonly used for warmth or the preparation of food, such as charcoal briquettes or natural firewood. Lighting or maintaining a fire with other materials including, but not limited to, flammable liquids, garbage, fireworks, plastics, aerosol canisters, batteries, or other manufactured or synthetic materials, is prohibited.",Information,[],2025-09-19 00:00:00.0
2026-08-27,70B82CA0-42C9-40C8-ADB5-1D110B8A04F8,,South Unit Address for Mobile Maps – Theodore Roosevelt NP,thro,"On all maps used on mobile devices, use the following address to reach the South Unit Visitor Center and Entrance Station 201 East River Road N. Medora, ND 58645",Information,[],2025-09-18 00:00:00.0
2026-08-27,F8289D3C-4DAE-4F2A-A625-5BA53492ECDD,https://www.nps.gov/thingstodo/hike-the-petrified-forest.htm,Petrified Forest Trailhead Access Update: Use Approved Route,thro,"Directions to the Petrified Forest trailhead have changed. Please use the approved legal route from I-94, Exit 10 toward Camels Hump Lake and follow the clearly marked posts. This update helps maintain good cooperation with neighbors and respect park boundaries. For precise directions, use the link provided.",Information,[],2025-09-17 00:00:00.0
2026-08-27,A5DD72E9-30A8-4605-BAF2-F019B7F72023,,Trails Not Maintained During Winter,rira,Trails at River Raisin National Battlefield Park are not maintained during winter months. Please use caution.,Caution,[],2025-09-12 00:00:00.0
2026-08-27,BDA0DA92-BDDE-495E-A3CA-26EC77F84B33,,"Piñon Flats Campground, sites can be reserved 3 months in advance for 2026",grsa,"Due to the need for improvements in Piñon Flats Campground, sites can be reserved 3 months in advance beginning in 2026.",Information,[],2025-09-10 00:00:00.0
2026-08-27,A9F67667-A5EB-47FE-9D06-62AA5CAE6C4C,https://www.nps.gov/petr/planyourvisit/directions.htm,"Attention Visitors, Cab drivers, Uber drivers, and transportation service drivers",petr,"DO NOT drop off your passengers at the visitor center. No trail access. Visitors must be driven to a trail system from the visitor center. If passengers want to go to the visitor center, WAIT FOR THEM in the parking lot until they come back out.",Information,[],2025-09-05 12:54:03.0
2026-08-27,C2BD7C77-A557-4862-BF42-406FAA4EE084,https://www.nps.gov/bith/learn/bookstore.htm,Park Store is Cashless,bith,The Western National Parks store accepts credit/debit cards and contactless/mobile payments only.,Information,[],2025-09-02 10:48:55.0
2026-08-27,AB1C8AA3-6423-497C-9E8B-85CFC6D58C8E,https://www.nps.gov/chir/planyourvisit/scenic-drive.htm,Vehicle Length & Trailer Restrictions,chir,No large vehicle turnaround after Faraway Ranch Parking (1 mile after entrance). Vehicles over 29 feet park at Faraway. Disconnect trailers at Faraway. Trailers with campground reservations proceed to camp. Scenic drive = 24 ft limit and no trailers.,Information,[],2025-08-28 14:13:31.0
2026-08-27,41CDC927-1CE9-46DC-8AEA-E17CD54A4D13,,No Pets are allowed on the Cliff Dwelling Trail,gicl,Pets are not allowed onto the Gila Cliff Dwelling Trail. Kennels are available at the Trailhead on a First Come First Serve basis and are available to those that are going on the Cliff Dwelling Trail not the Wilderness trails.,Information,[],2025-08-24 12:50:13.0
2026-08-27,DBF3802F-5BA4-4F64-B323-AEEA1DA45FB3,,Fort Moultrie Fishing Dock Closure,fosu,The Fort Moultrie Fishing Dock is currently under construction through Spring 2026.,Information,[],2025-08-24 10:32:48.0
2026-08-27,16CF7F46-FF9F-4B9C-90E1-C4F004B85A2F,,Park Store To Go Cashless,gumo,"Starting August 14th, 2025 the park store will go cashless. All major credit cards, debit cards and mobile electronic payments will be accepted.",Information,[],2025-08-13 18:34:50.0
2026-08-27,1188D882-236D-47EF-A483-5902B1293BA4,,WNP Bookstore is Cashless,tica,"The Western National Parks (WNP) bookstore has moved to a cashless operation at Timpanogos Cave National Monument. Purchases can be made with credit and debit cards as well as contactless payment methods including Google Pay, Apple Pay, and Samsung Pay.",Information,[],2025-07-31 17:15:50.0
2026-08-27,7664BFC0-925B-4492-B244-044C9DDA0A09,,William Johnson House Reopens!,natc,"The first floor exhibit hall of the William Johnson House is now open to the public daily from 8:30 am to 5:00 pm. Due to construction, the second floor family living quarters remain closed at this time.",Information,[],2025-07-29 16:36:56.0
2026-08-27,43A738B2-5CA8-4FB4-BBE3-030C994C11D4,,Tickets are required to enter Timpanogos Cave,tica,Reservations are strongly recommended. Reservations are the only way to ensure a spot is available for your party. Please plan accordingly by visiting Recreation.gov to secure your tickets in advance. Availability of walk-up tickets is not guaranteed.,Caution,[],2025-07-22 09:52:49.0
2026-08-27,A53FF1DD-3C2A-4D28-AA46-DCCEA3DEF498,,Portion of the boardwalk is closed,ruca,The last section of boardwalk is closed for ADA accessibility. Sorry for the inconvenience.,Information,[],2025-07-10 10:41:39.0
2026-08-27,DC3CE7A7-C1D9-4DC5-AA50-98E6C2A34993,https://www.nps.gov/wefa/planyourvisit/maps.htm,No Recreational Vehicle (RV) Parking,wefa,Our parking lot cannot accommodate RVs or trailers. Check out our FAQs page or follow the link for a map to a nearby lot for parking and trailers to detach. RVs should NOT pull into the parking lot.,Information,[],2025-06-25 16:33:57.0
2026-08-27,68BF1AEF-79A0-4FE9-B11C-BDFDAD08E15E,https://www.nps.gov/yell/planyourvisit/fees.htm,Vehicle Entrance Reservation Not Needed,yell,"Although an entrance pass is required to enter Yellowstone National Park, vehicle reservations are not needed. You are encouraged to purchase an entrance pass before arriving, but you may also purchase passes at any entrance station upon arrival.",Information,[],2025-06-18 19:15:37.0
2026-08-27,63E8556F-04C5-4581-BBC5-ECD13EB96C5D,https://www.nps.gov/anti/planyourvisit/sherrick-farm-trail.htm,Sherrick Farm Trail Detour,anti,There is a detour on the trail due to downed trees. Our staff is working diligently to remove these from the trail.,Information,[],2025-06-12 14:10:43.0
2026-08-27,48BDED77-3C4E-422C-8CAC-A4C9DCA210E2,https://www.nps.gov/whis/learn/nature/nonnatives.htm,Don't Move a Mussel!,whis,"Hey Boaters, please clean, drain, and dry your vessel completely before setting out on Whiskeytown Lake. Thank you for doing your part to keep the Golden Mussel, an aquatic invasive species, out of the reservoir. Learn more about preventative measures.",Information,[],2025-06-05 16:50:18.0
2026-08-27,02A48249-DDE3-41AA-8FC1-110BA22A4755,,Possible Bridge Closure,pipe,The Circle Trail bridge under Winnewissa Falls may be closed temporarily due to flooding caused by spring rain. Please pay attention to signage posted in the Visitor Center and at the bridge. The rest of the park and Circle Trail remain open.,Caution,[],2025-05-21 10:31:12.0
2026-08-27,AB6D5014-1080-4D45-91DA-26B2335B6890,,Contact Us,boha,"We continue to experience issues with our phone lines, please contact us via our email address: boha_information@nps.gov",Information,[],2025-05-21 08:41:30.0
2026-08-27,7DC99B5A-EDA3-47B7-988E-A1750AFF7B84,https://www.nps.gov/noca/planyourvisit/post-fire-safety.htm,Stehekin Flash Flood and Debris Flow Area,noca,"The Stehekin area is prone to flooding, which increases in a post-fire environment. Know before you go – visit the Post Fire Safety page for information on what to do in a flash flood and debris flow area",Caution,[],2025-05-16 15:48:28.0
2026-08-27,05E37F8F-335F-4C59-903F-B1273C07D502,https://www.nps.gov/shil/corinth-road-closure.htm?fbclid=IwY2xjawKUUS9leHRuA2FlbQIxMABicmlkETFFYmZheldUM2JiM0c0bURTAR7VrtpSy2g5PYdYlac2sYHahrNHBDwnI2nrZiUU0mMpsJUPdXUnkqkszK7jvQ_aem_M5of5PkhZ7ewJoWRjx56uw,"Major Road Closure in Corinth, MS",shil,"ALERT - Major Road Closure in Corinth, Mississippi. A major bridge replacement has begun on North Polk Street in Corinth, MS, and motorists will need to seek other routes. The work is not estimated to be completed until July or August 2026.",Information,[],2025-05-16 13:12:17.0
2026-08-27,B7FE65A8-C8D0-4A97-906A-EAD896F10083,,Main Street Walpack Bridge Closed Until Further Notice,dewa,Main Street in Walpack Center is closed at the Flatbrook Bridge due to structural damage to the bridge.,Information,"[{'title': 'Road Closures in New Jersey', 'id': 'B7FE65A8-C8D0-4A97-906A-EAD896F10083', 'type': 'roadevent', 'url': 'https://www.nps.gov/dewa/planyourvisit/conditions.htm'}]",2025-05-13 15:00:38.0
2026-08-27,DF56679B-6E29-4831-A020-906576B3F309,,Parking Lot Closure,frla,"Due to ongoing construction, the parking lot is closed. Ample street parking can be found along Dudley Street, including the Brookline Reservoir. For accessible parking, please visit our ""Contact Us"" page for more information.",Park Closure,[],2025-05-09 15:58:30.0
2026-08-27,C2602670-C157-4F9E-9A64-5B177A2E4344,,Temporary Closure of Select Trails for Rehabilitation Project,maca,"The Old Guides Trail, Heritage Trail, Sunset Point Trail and areas of the Sinkhole Trail are currently closed due to a trail rehabilitation project.",Information,[],2025-05-05 17:25:05.0
2026-08-27,FCE0231A-46D1-4584-A2A1-DC29FACFFD17,,Construction,frla,There is ongoing construction due to roofing project. Please practice caution on the grounds and do not enter marked areas.,Caution,[],2025-05-03 16:18:20.0
2026-08-27,B9BEABDF-968C-4FCC-A17E-62C37E762042,,Reminder: Look Before Parking,fomr,Visitors are reminded to park in marked parking spaces. Parking in the grass or other alternative areas is unauthorized. Please help us #KeepFortMonroeBeautiful.,Information,[],2025-05-01 11:46:15.0
2026-08-27,A3EF71AE-63D1-48C7-A970-3A08ED77AFFE,,Road Closure and Fishing Pier Impact,fomr,"The Engineer Wharf, one of two fishing piers at Fort Monroe is temporarily closed. The Finger Pier remains open. Also closed is the section of Fenwick Road between Ingalls and the East Gate of the fort. Detour signs will aid travelers around the closure.",Park Closure,[],2025-05-01 10:15:52.0
2026-08-27,8F0E2E55-9A30-4EBE-BFEC-940F87A80F18,https://www.nps.gov/kefj/planyourvisit/conditions.htm#EG-Canyon-Closure,Canyon from Toe of Exit Glacier to the Outwash Plain,kefj,"The canyon from the toe of Exit Glacier to where Exit Creek opens into the Outwash Plain is susceptible to sudden outburst flood events. These events produce sudden surges of water, ice and rock. For your safety please stick to designated park trails.",Danger,[],2025-04-25 15:34:26.0
2026-08-27,9D3F9FC9-CA2E-4031-89B3-C83837DB853C,http://www.francesperkinscenter.org,For Current Visitor Information,frpe,"For the most up to date information on Frances Perkins National Monument, please visit the website for the Frances Perkins Center at francesperkinscenter.org.",Park Closure,[],2025-04-24 10:03:11.0
2026-08-27,618C16E2-B97D-441B-81E9-ED0A8BDD1F16,https://www.nps.gov/fobo/learn/management/closure-information-for-butterfield-trail.htm,Butterfield Trail closed to horses and pack animals.,fobo,"The trail remains open for hiking and foot traffic. For more information, see our policy page.",Information,[],2025-04-17 16:39:20.0
2026-08-27,D05BC81E-5894-4372-A014-1FD8D2D8E00A,,Fort Matanzas Only Accessible by Ferry Service,foma,"Fort Matanzas may only be accessed by our free ferry service. The boats operate Thursday through Monday; we do not operate the ferry on Tuesdays or Wednesdays. For more information about tickets and times, please visit the ""Plan Your Visit"" tab.",Information,[],2025-04-12 12:57:09.0
2026-08-27,4051B428-8618-4FDD-BD03-854DD1E406D4,,River Trail periodically closed under I-16,ocmu,The section of the River Trail beneath Interstate 16 is closed during bridge construction when pedestrian safety is at risk and remains open when no significant hazards are present.,Caution,[],2025-04-12 08:54:52.0
2026-08-27,AA2B6AA9-6666-4EDC-BC47-7576C79D4A7A,,"Diablo East Marina Cove, Scuba Cove, and Walkway Access Are Closed",amis,"The Diablo East Marina Cove, Scuba Cove, and walkway access are closed because of the presence of excessive docking material, unsafe walkway and dock, and unstable, loose ground. The area will reopen once these hazards have been corrected.",Park Closure,[],2025-04-04 16:10:03.0
2026-08-27,D1CCAD25-64DC-4A28-ABA3-1043D9F3D16F,https://www.nps.gov/fobo/learn/our-partner-and-bookstore.htm,Fort Bowie Visitor Center Bookstore is now cashless!,fobo,"For your convenience, we accept all major credit and debit cards, as well as mobile payment options. Electronic payment reduces transaction times, save money, and improves accountability. Thank you for your understanding and continued support!",Information,[],2025-04-03 15:09:25.0
2026-08-27,84DE1EA4-F781-4C86-9530-5C36A479FEBD,,Ongoing work on Lower Town buildings,hafe,Facilities staff are doing repair work on several buildings in Lower Town. Please follow signs for alternate entrances and heed temporary closures.,Caution,[],2025-04-02 09:27:44.0
2026-08-27,18C53E4B-AADD-4C8C-88E1-B13DC3FB6452,,Secure trash and food,gicl,"Pack it in, pack it out! There are no trash services in or around the monument. All food & trash must be secured inside a vehicle. Ravens routinely open zipped bags & tear into trash bags left outside or in the bed of a truck.",Information,[],2025-03-28 11:34:43.0
2026-08-27,43FCFC5C-9EE9-43CC-ADA9-467897B8202D,,Park Operating Hours,cari,Operating hours are 9:00 am to 3:30 pm Wednesday through Sunday until further notice.,Information,[],2025-03-28 09:51:51.0
2026-08-27,A333DC6F-1CD5-4B88-BE8F-9D515481FDE9,,South Unit temporarily closed south of Grand Teton Drive; Trailheads remain open.,tusk,"The South Unit of Tule Springs Fossil Beds is temporarily closed to visitor access south of Grand Teton Drive, between Tule Springs Parkway and North Fifth Street in North Las Vegas for visitor safety during construction activities.",Park Closure,[],2025-03-25 20:32:57.0
2026-08-27,0D62C23E-1FDB-4DA9-8974-E94B40FEA6D3,,Melrose Mansion Guided Tours,natc,"Reservations for guided tours of the mansion must be made on Recreation.gov. The tour is $11.00 and are at 10, 11, 2, 3, and 4; masks are optional. The estate is open daily from 8:30 a.m. to 5:00 p.m. The grounds and outbuildings are free.",Information,[],2025-03-24 11:33:55.0
2026-08-27,652C4E86-38FF-4B25-8E8A-8D294695C53E,,Preservation Work Along Trails,fomc,"Starting March 18, preservationists restoring the bronze state plaques along the entrance road, and the War of 1812 commemorative markers in the Orpheus Grove. Some of these areas may be temporarily closed while work is in progress.",Information,[],2025-03-18 08:50:38.0
2026-08-27,53223864-4FEC-48A7-8EE1-7A48143E7D77,https://www.nps.gov/rocr/planyourvisit/trail-closure-detour.htm,Glover Archbold Trail detour,rocr,"For visitor safety, the southern end of the Glover Archbold Trail is under an emergency closure until further notice due to aerial hazards. Please follow the posted detour along Foxhall Rd. / 44th St. NW / P St. NW.",Danger,[],2025-03-17 14:01:09.0
2026-08-27,40D848AA-0D74-4197-AB19-521DF77C5196,,"For entrance fees, we accept digital passes and credit/debit cards",cana,Digital passes or credit/debit cards are the ONLY method of payment at all fee collection areas. Pre-paid digital passes are available online and may be purchased in advance.,Information,[],2025-03-17 09:44:11.0
2026-08-27,3633CFF7-B23B-45F9-BEC4-DFA6C574E96F,,Hazardous Conditions on Trails,cowp,"Visitors should exercise caution when hiking areas of the park that have opened since Hurricane Helene. Hazards on trails and in forested areas such as hanging tree limbs, debris on the ground, and washed-out sections of trails and bridges are possible.",Caution,[],2025-03-12 15:19:31.0
2026-08-27,AB6D9AA5-0899-4E4F-A6B5-A28365367388,https://www.nps.gov/cave/planyourvisit/conditions.htm#flood,Closures Due to Flood Damage,cave,Some areas of the park including Walnut Canyon Desert Drive and some trails remain closed after extensive flood damage. The main park road to the visitor center and cavern is open.,Information,[],2025-03-05 12:00:34.0
2026-08-27,50B7147C-9233-4EBB-ADDE-63948F771E34,,Visitor Center Closed,sari,The Salt River Bay NHP&EP Visitor Contact station remains closed due to damage caused by Hurricanes Irma/Maria. Reconstruction of the Visitor Contact Station continues.,Park Closure,[],2025-03-03 08:15:02.0
2026-08-27,9166037F-48B7-407A-8194-5E5ED55C3838,,Feral Dogs May Be Seen in Organ Pipe Cactus National Monument,orpi,Feral dogs may be present at the Twin Peaks Campground and around the Kris Eggle Visitor Center. Visitors should not attempt to feed or water these dogs or approach them in any way as they may carry disease or become hostile.,Caution,[],2025-02-26 10:59:44.0
2026-08-27,ACBFB7C2-D0DE-4A76-B866-BA943D4B0948,,No Hunting Allowed in Castle Mountains National Monument,camo,Hunting is illegal in Castle Mountains National Monument,Information,[],2025-02-19 19:37:21.0
2026-08-27,B937BD7A-FF28-45B7-81A8-ADD1BB568927,,Most Monument Roads Require Heavy Duty 4WD Vehicle to Travel Safely,camo,"Breaking down in the remote monument can be a life-threatening emergency. Most roads require a well-equipped, heavy-duty 4WD vehicle to travel. 2WD high clearance vehicles must use Walking Box Ranch Rd for entry and exit. No Visitor Facilities Available.",Caution,[],2025-02-19 19:34:02.0
2026-08-27,13FEA700-4EB0-4649-B46E-090902C3C2F9,https://www.nps.gov/noca/planyourvisit/hozomeen.htm,Hozomeen Gate Remains Closed,noca,"Until further notice, the gate at Hozomeen will remain closed; vehicle and foot traffic across the US/Canada border is prohibited. Visitors must enter through a designated port of entry.",Park Closure,[],2025-02-13 10:43:22.0
2026-08-27,EEE17F52-23A4-483E-978B-D66E6E1E788D,https://appalachiantrail.org/trail-updates/,List of trail closures post-Hurricane Helene,appa,Many closures remain on the Trail following Hurricane Helene's devastation. This will remain true for the foreseeable future. Visit the Appalachian Trail Conservancy (ATC) website for an up-to-date list of closures. OBSERVE ALL CLOSURES. Stay safe!,Park Closure,[],2025-02-07 12:16:52.0
2026-08-27,7F92E1B6-D4AC-4D02-A2EA-719F34061870,,Gas Pumps at Panamint Springs Resort are Closed at Night,deva,"Gasoline is available at Panamint Springs Resort from 7am-9:30pm, daily. Gas is available at Furnace Creek and Stovepipe Wells 24hrs.",Information,[],2025-01-27 12:37:06.0
2026-08-27,1377D2C5-6217-411E-98B3-07F75FCA0D3F,,"Apertura retrasada hoy, 10 de enero debido a mal tiempo",es-es/cham,"Debido a condiciones del tiempo y riesgos elevados por la mañana, el parque abrirá en retraso a las 9 am el viernes, 10 de enero. Esperamos seguir las horas de atención regulares en el Centro Cultural, pero retrasos o cierres tempranos son posibles.",Park Closure,[],2025-01-10 04:57:48.0
2026-08-27,AEC1F83C-FCAE-46A4-BC27-8FFE4AFDBB3E,https://www.nps.gov/safr/learn/historyculture/aquatic-park-pier.htm,Municipal Pier Permanent Closure,safr,"Municipal Pier is closed permanently. After a safety review with the U.S. Public Health Service, it was determined that the deterioration of Municipal Pier in Aquatic Park Cove is unsafe for public use.",Information,[],2024-12-23 17:15:52.0
2026-08-27,5BA1DD1C-D7B2-4B01-9838-7AD5A8894B02,,Important Visitor Information – Screening Process in Effect,cibs,"This is a new national park within an active military installation, which includes the current home of the US Army War College. There are no visitor services at this time. Please check back in the spring of 2025 for updates.",Information,[],2024-12-09 14:18:11.0
2026-08-27,A9A2B5D3-4358-47D3-B59F-65104A96B6C0,https://www.nps.gov/cana/planyourvisit/weather.htm,Rip Currents and Rough Surf,cana,Remember that rough surf is dangerous & rip currents can be deadly. Please use caution when swimming at Canaveral National Seashore.,Caution,[],2024-11-18 10:52:53.0
2026-08-27,5E55E4E6-23C9-429E-BE19-C4F151DEE6B7,,Holiday Hours,pipe,"On Thanksgiving Day, Christmas Eve, Christmas Day, and New Year's Day the visitor center will be closed (trails will remain open with access to restrooms on the north side of the building).",Information,[],2024-11-14 11:15:27.0
2026-08-27,0D7F13F4-BCB8-4392-A926-FC3DB4486473,https://www.nps.gov/rocr/learn/news/2023-11-09-fort-totten-park-update.htm,Part of Fort Totten Park remains closed for public safety,rocr,"Out of an abundance of caution, Fort Totten Park will remain closed east of Fort Totten Drive, south of Gallatin Street/Metropolitan Branch Trail and north of Brookland Ave NE/Farragut St. due to the investigation involving two WWI-era munitions found.",Park Closure,[],2024-11-08 15:48:29.0
2026-08-27,0647D4FC-D302-4407-8016-0703733BDB63,https://www.nps.gov/rocr/learn/news/2023-11-09-fort-totten-park-update.htm,Part of Fort Totten Park remains closed for public safety,cwdw,"Out of an abundance of caution, Fort Totten Park will remain closed east of Fort Totten Drive, south of Gallatin Street/Metropolitan Branch Trail and north of Brookland Ave NE/Farragut St. due to the investigation involving two WWI-era munitions found.",Park Closure,[],2024-11-08 15:38:29.0
2026-08-27,6893F8CE-7661-4AFC-9210-F50A5429427E,https://nmroads.com/mapIndex.html?,New Mexico Road Advisories,foun,The New Mexico Department of Transportation updates its map of road advisories regularly. Visitors are encouraged to look for any possible road advisories along their route of travel beforehand.,Information,[],2024-11-06 11:06:36.0
2026-08-27,800F736B-76E9-46C8-AFD9-B756F76EBC32,,Baltimore Area Traffic Advisory,hamp,Traffic in the Baltimore area has increased considerably in recent months due to the collapse of the Francis Scott Key Bridge which connected the Baltimore beltway. Please check the latest traffic conditions to plan your travel accordingly.,Information,[],2024-11-04 09:01:38.0
2026-08-27,2ACD2AAF-5F9E-4EA3-A2EC-AF21A6F2F6F5,,Trail Conditions,viis,Rain may cause trails to be slick and overgrown. Staff and Volunteer Trail Crews clear trails regularly. Visitors should use caution and report trail issues to viis_interpretation@nps.gov,Caution,[],2024-10-31 13:44:53.0
2026-08-27,990FA2AA-0B32-4DA1-9584-7C6DA8CF4EF4,,Baltimore Area Traffic Advisory,fomc,Traffic in the Baltimore area has increased considerably in recent months due to the collapse of the Francis Scott Key Bridge which connected the Baltimore beltway. Please check the latest traffic conditions to plan your travel accordingly.,Information,[],2024-10-29 09:28:52.0
2026-08-27,759E3F5E-C66C-4D63-9BCD-54DC7598A7CD,,Temporary Number Change,apco,The park's phone number has temporarily changed. Please call 434-694-8904.,Information,[],2024-10-18 12:11:26.0
2026-08-27,0D3BC816-4B16-445D-A789-729E26F99A9D,,Help Prevent Aquatic Invasive Species (AIS) Infestation,amis,"A number of lakes are infested with an array of aquatic invasive species that damage natural ecosystems and waterways. Boaters are advised to Clean, Drain, and Dry all boats and equipment every time they leave the water.",Caution,[],2024-10-16 12:29:10.0
2026-08-27,7624377B-9B6F-44F0-BE7A-5CC934817D7F,,Visitor Phone Line Intermittent,lavo,You may experience problems reaching park staff via the main visitor phone line which functions intermittently. You may email the park at lavo_information@nps.gov with general park questions.,Information,[],2024-10-04 19:23:25.0
2026-08-27,062971A7-A9C9-48C1-B747-20233FA784A8,https://www.nps.gov/vafo/planyourvisit/conditions.htm#maurice-stephens,Maurice Stephens Parking Lot Closed During Construction Project,vafo,"The parking lot near the Maurice Stephens house, located on Rt 23 opposite from the Washington Memorial Chapel, is closed during construction and renovation work on the house. Visitors are encouraged to park in the Chapel lot for Grand Parade trail access",Information,[],2024-10-03 11:25:41.0
2026-08-27,EF0A8550-FBD4-4AB8-AE9B-CC867C519D6A,,Migrant Notice,drto,"Like elsewhere in the Florida Keys, we have seen an increase in Cuban migrants arriving by boat from Cuba and landing on the islands of Dry Tortugas National Park. You may observe migrant landings at the park and visitor areas may be impacted.",Information,[],2024-09-24 20:28:15.0
2026-08-27,A96CEF27-D8F3-49F7-9BC4-CE2C81B78FA5,,Expect Crowding,cuva,Parking lots and popular destinations are crowded especially on weekends and days with warm weather between 10 am and 3 pm.,Information,[],2024-09-24 10:09:27.0
2026-08-27,FD19BDC9-5038-458F-808A-F773887CB272,https://www.nps.gov/subjects/bears/safety.htm,Black Bears Frequenting the McAfee Knob Area in Virginia,appa,"Human-habituated bears have been frequently spotted in the McAfee Knob Area. Allowing bears access to human food or garbage causes it to lose its fear of humans. Follow all food storage regulations, use provided food lockers and never feed a bear.",Caution,[],2024-09-06 12:47:46.0
2026-08-27,289FF23E-4766-4351-842A-54F2DA76F958,,Partial Closure of Rocky Springs Trail,natt,The Rocky Springs section is closed from the Rocky Springs campground at milepost 55 to the northern terminus at milepost 59 until further notice. Visitors should observe posted closures. The trail is unsafe due to trail erosion and deteriorated bridges.,Park Closure,[],2024-09-04 10:48:13.0
2026-08-27,DD27DE49-AFE6-492D-BEFC-02605A7C9B68,,Natchez Visitor Center Closed,natc,"The Natchez Visitor Center is closed for the renovation of the public lobby area. For those seeking visitor information, we direct you to VisitNatchez at the Depot on Boundary Street. Or their website, VisitNatchez.org. We apologize for any inconvenience.",Information,[],2024-08-26 11:33:22.0
2026-08-27,A6BD6AE1-329B-4722-8CB0-6E1EE0D1D244,,Backcountry Camping Closed,whsa,Backcountry camping at the park is closed. There is no established opening date at this time.,Information,[],2024-08-22 17:51:35.0
2026-08-27,4D04EF5F-9E7F-454B-982A-C1E01352545A,https://www.usgs.gov/programs/landslide-hazards/science/2024-pedersen-lagoon-landslide-generated-tsunami,Use Caution in and around Pedersen Lagoon,kefj,"On August 7, 2024, a landslide triggered tsunami washed over portions of Pedersen Lagoon near Aialik Bay (59.8842N, -149.7309W). We recommend caution for those visiting the area in and around Pedersen Lagoon. Click more for additional information.",Caution,[],2024-08-22 16:25:35.0
2026-08-27,ED937D2E-21A6-4BBD-9ACF-BFE92F72C0EA,,Centennial Trailhead Parking,wica,Reminder: Overnight parking without a camping permit is prohibited. Permits are not issued specifically for parking. Shuttles are available in the Black Hills for through hikers on the Centennial Trail.,Information,[],2024-07-31 12:39:04.0
2026-08-27,2AAE7B44-FBB7-45ED-9F33-181E5F82F1D1,,Interdune Boardwalk Closed,whsa,"Due to the active safety corridor, the Interdune Boardwalk is closed. Please visit the park visitor center to learn about other options during your visit.",Information,[],2024-07-26 16:59:04.0
2026-08-27,AEA5765C-8649-48C2-820D-1A6BEC99A838,https://www.nps.gov/colo/planyourvisit/colo-parkway-rehab.htm,Rehabilitation of Colonial Parkway continues with additional Parkway closures,york,"Beginning Tuesday, April 9, 2024, construction will close the Colonial Parkway to all travel in either direction between Yorktown and VA Route 199. Follow all detour signs. See additional closure information in the link below.",Park Closure,[],2024-07-11 13:53:20.0
2026-08-27,8387550D-F98F-4B78-958A-00485EC8A653,https://www.nps.gov/colo/planyourvisit/colo-parkway-rehab.htm,Rehabilitation of Colonial Parkway continues with additional Parkway closures,jame,"Beginning Tuesday, April 9, 2024, construction will close the Colonial Parkway to all travel in either direction between Yorktown and VA Route 199. Follow all detour signs. See additional closure information in the link below.",Park Closure,[],2024-07-11 13:49:34.0
2026-08-27,8C346C62-D1E1-43CA-84B9-8673850043B8,,Park Passes,bicy,"Park passes, including: America the Beautiful, Veteran, Lifetime, etc., are UNAVAILABLE for purchase/pickup within Big Cypress. Shark Valley Visitor Center (Everglades) is the closest location to Big Cypress for purchase.",Information,[],2024-07-08 11:15:58.0
2026-08-27,722D0156-2EBF-4D07-8DC8-598AF1035041,,Canine distemper is believed to be present in the park.,pais,"Contact with saliva from wild animals can transmit distemper to pets, including from but not limited to water bowls, food bowls, trash etc. Distemper is not a threat to humans but can be deadly to pets. Ensure your pets are vaccinated or keep them home.",Caution,[],2024-07-05 10:47:29.0
2026-08-27,F552E651-BA9D-4EA5-846A-1B79D8ACFFD7,https://www.nps.gov/hove/learn/news/news03012024.htm,Hovenweep has gone cashless,hove,"The park now accepts only mobile or electronic payments for entrance & camping fees. You can reserve campsites and buy entrance passes on Recreation.gov, or only use debit/credit cards to pay in person.",Information,[],2024-07-03 17:02:02.0
2026-08-27,D218F20E-FE77-4FCD-A018-CF6B7DCA8C82,https://www.nps.gov/hove/learn/news/news03012024.htm,Natural Bridges has gone cashless,nabr,"The park now accepts only mobile or electronic payments for entrance & camping fees. You can reserve campsites and buy entrance passes on Recreation.gov, or only use debit/credit cards to pay in person.",Information,[],2024-07-03 16:59:01.0
2026-08-27,52428B57-CDAC-4C00-BBA8-290898AA47B6,https://wildlife.ca.gov/Conservation/Laboratories/Wildlife-Health/Monitoring/Mortality-Report,"Sick Birds and Wildlife, H5N1",safr,"Be cautious around sea lions, and dead or sick birds. If you get “bombed” by a bird, wash with soap and water immediately, monitor for signs of illness, and call your doctor. Report beached, sick or distressed wildlife to Wildlife Mortality Reporting.",Caution,[],2024-07-01 16:49:29.0
2026-08-27,0D5AED6B-D54E-488B-82BB-D34AF1679929,https://www.nps.gov/apis/planyourvisit/bear-safety.htm,Bear Alert,apis,"Black bears inhabit many of the Apostle Islands. Follow safety guidelines: store food and scented items properly, hike in groups, stay attentive, and make noises if you encounter a bear in a visitor area.",Caution,[],2024-07-01 16:40:27.0
2026-08-27,D30BFE4C-BA35-4F41-9B1D-9FCC6B6C54EA,,Private Inholdings: Sand & Rocky Islands,apis,"There are privately occupied residences and docks on the southeast corner of Sand Island, as well as just north of Group Site A on Rocky Island. These areas are closed to the public. Please respect their privacy and do not trespass in these locations.",Information,[],2024-06-25 18:03:30.0
2026-08-27,C8874919-E381-4EFA-B179-E900AC80DD99,https://www.patersonparking.org/maps,Overlook Park Parking Lot - Vehicles Must Be Parked in a Designated Spot,pagr,"Parking is extremely limited on weekends & event days. Overflow parking is available at the Paterson Museum, located at 2 Market Street. On weekends only, additional parking is available at the lot across from the Museum.",Caution,[],2024-06-14 16:57:08.0
2026-08-27,687B5063-8BA1-4940-8245-1AB2AC2BDF0A,,Mansion ADA Lift is currently not functional awaiting a replacement,,"Mansion ADA Lift is currently not functional awaiting a replacement, physical accessibility to the mansion will be limited to those with the ability to climb 3-4 steps into the first floor. We apologize for any inconvenience.",Information,[],2024-06-06 16:09:38.0
2026-08-27,A1F389B0-E1B3-480B-92F9-D9E5F1F6E94D,,Wupatki VC Phone Outages,wupa,The main phone line for the visitor center experiences occasional outages. Please email FLAG_Information@nps.gov if you have trouble getting through on the main number.,Information,[],2024-04-16 12:31:04.0
2026-08-27,EBC49FB8-1FE3-42BD-8EE7-D1BBA0DD60DB,https://www.nps.gov/articles/what-is-white-nose-syndrome.htm,Items Worn or Used in Other Caves Not Allowed,cave,"A disease known as White-Nose Syndrome is killing bats in North America. To prevent it from spreading to our bats, do not wear shoes, clothing, or bring any gear into any cave at Carlsbad Caverns National Park that were in another cave.",Information,[],2024-04-09 19:40:57.0
2026-08-27,ED5743DA-201A-47C1-A87D-47BD088D5836,https://www.recreation.gov/ticket/234637/ticket/10086811,Timed Entry Ticket Required to Enter Carlsbad Cavern,cave,"Reservations are highly recommended and can be purchased by clicking ""more"" or calling 877-444-6777. Reservations only select the entry time. Upon arrival at the visitor center, an entrance pass must be purchased.",Information,[],2024-04-05 14:46:23.0
2026-08-27,D0463B88-5060-421E-8438-3E8B3B2EA8BF,https://www.nps.gov/choh/learn/management/superintendent-s-compendium.htm,Hiking in Gold Mine Tract,choh,Visitors are restricted to the designated trails within the Gold Mine Tract in the Great Falls area. This location is generally defined as that area bordered by MacArthur Boulevard and Berma Road and depicted on the Great Falls Maryland Hiking Map.,Caution,[],2024-03-26 09:44:24.0
2026-08-27,BFA59442-DECC-470B-B53D-7182CDDF2035,https://www.nps.gov/thingstodo/tour-taft-house.htm,Weekend Guided Tours Availability,wiho,Please visit the Guided Tours of the Taft Family Home page to review the tour times available for visitors on weekend day visits.,Information,[],2024-03-19 09:56:15.0
2026-08-27,2796882C-7751-4FD5-94AF-5699D36FDBB2,http://amache.org,No Visitor Center,amch,"Currently, there is no visitor center for Amache National Historic Site. There is a museum in the town of Granada that is operated by Amache Preservation Society. Learn more at amache.org",Information,[],2024-03-18 17:46:48.0
2026-08-27,DDCD23E7-9623-42F4-91AC-19E4661D616B,,BOARDWALK CLOSED along the River Trail,ocmu,"Due to structural issues, the boardwalk along the river trail is closed until further notice. Access to the Ocmulgee Heritage Trail and river is not available due to this closure. This closure does not affect access to any of the mound sites.",Park Closure,[],2024-03-12 13:28:45.0
2026-08-27,5B4D4734-2C5C-4782-8DBD-0CFB38C8A14B,https://www.nps.gov/subjects/digital/nps-apps.htm,Inaccurate Third-Party Apps,jotr,Some third-party hiking apps are providing inaccurate trail and safety information to users. Please use the official NPS app for accurate information.,Caution,[],2024-03-11 16:20:08.0
2026-08-27,88590FD8-1D4F-47D8-99C4-DB9D7E172BAD,,River Ferry at Akers (on State Highway K) CLOSED until further notice,ozar,The Akers Ferry on State Highway K will not be in service until further notice.,Caution,"[{'title': 'Akers Ferry Closure', 'id': '88590FD8-1D4F-47D8-99C4-DB9D7E172BAD', 'type': 'roadevent', 'url': 'https://www.nps.gov/ozar/planyourvisit/conditions.htm'}]",2024-03-05 10:29:47.0
2026-08-27,123E2192-4095-4B79-9752-D7408F4D6B4D,https://www.nps.gov/buff/planyourvisit/south-woolum-road-closed-alternate-route-available.htm,"South Woolum Road Closed, Alternate Route Available",buff,"In the interest of safety, the South Woolum Road has been closed. The Woolum launch and campground remain open.",Park Closure,"[{'title': 'South Woolum Road Closure', 'id': '123E2192-4095-4B79-9752-D7408F4D6B4D', 'type': 'roadevent', 'url': 'https://www.nps.gov/buff/planyourvisit/conditions.htm'}]",2024-02-23 12:47:47.0
2026-08-27,9DC90668-39A8-454B-8688-8F0B533C71EC,https://www.nps.gov/grsm/planyourvisit/fees.htm,Most visitors need a parking tag,grsm,"All vehicles parking for longer than 15 minutes require a parking tag. Three tag durations are available for purchase for all vehicle sizes and types: Daily ($5), Weekly ($15), or Annual ($40).",Information,[],2024-02-08 13:03:57.0
2026-08-27,5FD218D4-E590-4358-8EDC-89C6E36F81C4,,Camping and Docking at Boca Chita and Elliott Keys,bisc,Docking at Boca Chita and Elliott Keys: $25.00 Friday - Monday and Federal Holidays Camping at Boca Chita and Elliott Keys: $35.00 per night. Payments must be made on site using the recreation.gov phone app.,Information,[],2024-02-05 15:43:10.0
2026-08-27,97D83B2E-A67F-4C5F-96F0-A173B573BF7B,https://www.nps.gov/thingstodo/gumo_drive_to_williams_ranch.htm,Williams Ranch Road Closed,gumo,The Williams Ranch Road is currently impassable and closed to public access due to unsafe conditions.,Information,"[{'title': 'Williams Ranch Road Closure', 'id': '97D83B2E-A67F-4C5F-96F0-A173B573BF7B', 'type': 'roadevent', 'url': 'https://www.nps.gov/gumo/planyourvisit/conditions.htm'}]",2024-02-01 17:37:05.0
2026-08-27,A38547F3-5B4E-447C-9E6A-F257AE35A19D,https://www.nps.gov/amis/planyourvisit/boating.htm#Boat-Ramp,Only Left Side of Diablo East and Rough Canyon Boat Ramps Are Open - Rest Are Closed,amis,"Due to low water levels, only the left side of Diablo East and Rough Canyon boat ramps are open. Please use caution with Spur 406 and Spur 454 launches, as the water may be too shallow to launch most boats. To see a list of open ramps, click on ""more.""",Park Closure,[],2024-01-31 15:59:03.0
2026-08-27,C5CE178E-5255-42E2-9F8F-285637B4C84E,https://www.nps.gov/shen/planyourvisit/faqs-oldrag.htm,Ticket Required to Hike Old Rag,shen,March 1 - November 30 those wishing to hike Old Rag are required to obtain a day-use ticket before arriving.,Information,[],2024-01-17 13:20:06.0
2026-08-27,C4FE5229-6D25-4DC7-9C40-7DC0759B9D04,,Martinez Adobe,jomu,"The Martinez Adobe, located on the western edge of John Muir’s historic orchard, is currently closed due to structural damage. It is unknown when the public will be able to enter the structure. The Muir/Strentzel mansion remains open to visitors.",Information,[],2024-01-09 09:51:49.0
2026-08-27,940679A6-2812-4464-9A19-6C3733F2F402,https://www.nps.gov/lyjo/texas-white-house-closure.htm,Texas White House Complex Closure,lyjo,"On January 2, 2024 the Texas White House Complex closed so the construction phase of the Texas White House rehabilitation can begin. The LBJ Ranch driving tour remains open. Visitors can still see the school, cemetery, birthplace and showbarn.",Park Closure,[],2024-01-06 16:15:23.0
2026-08-27,57F5103D-99E6-445B-BD93-F947D4EA6E06,https://www.nps.gov/whsa/planyourvisit/park-closures.htm,Park Closures,whsa,From time to time the missile range that surrounds the park performs military testing that may require the closure of the park or Highway 70. Please plan your visit around upcoming military tests.,Information,[],2024-01-02 13:34:42.0
2026-08-27,7F190DA8-E672-48C1-8AAA-8E661133FE49,https://azstateparks.com/ohv,Arizona Off-Highway Vehicle (OHV) Requirements for Residents and Non-residents.,para,Off-highway vehicles (OHVs) are required by law to display a valid OHV decal to operate on public and state trust lands in Arizona. This includes “street legal” vehicles that meet these two requirements.,Information,[],2023-12-29 18:25:00.0
2026-08-27,4D3EA105-62C1-46F7-9948-B74E1C63CD63,,Florissant Fossil Beds has moved to cashless fee collection,flfo,"Entrance fees and pass purchases must be made with a credit/debit card or payment app on a mobile device. Electronic payment reduces transaction times, saves money, and improves accountability.",Information,[],2023-12-28 15:57:29.0
2026-08-27,26018DAB-E0A6-4F91-82FF-6EF3B6E61E97,,Lower Crypt Access Subject to Safe Conditions,gegr,Access to the lower crypt area of the Mausoleum is subject to closure during wet and or low light conditions in the late afternoon. The main floor and the two reliquary rooms remain open during these conditions.,Caution,[],2023-12-28 10:07:24.0
2026-08-27,9B487617-E409-4E07-9CD0-7259C25E8B47,,"Route 7 from Sawmill, AZ is NOT recommended",cach,"Entering the park from the east at Sawmill, AZ on Route 7 is not recommended. Part of this route is UNPAVED and UNMAINTAINED. Please stay on paved roads, such as Indian Route 64 from Tsaile, AZ and Highway 191/Route 7 from Chinle, AZ.",Information,[],2023-12-13 18:22:22.0
2026-08-27,BB8EE848-8D15-4B45-A923-862552A20435,,"Uber, Lyft, and Other ""Taxi"" Services",band,"Bandelier is in a remote location, with cell service in the canyon limited to Verizon 4G only. Services like Uber and Lyft will bring you here, but there may be no way to contact a ride out. Please plan your pickup before being dropped off at Bandelier.",Information,[],2023-12-02 16:04:24.0
2026-08-27,7E44AFE1-C366-4251-816B-A4C8CFCEB40C,https://www.nps.gov/band/planyourvisit/directions.htm,The Use of GPS is NOT Recommended,band,Numerous visitors have been routed to remote trailheads and out-of-the-way roads trying to use GPS to reach the main park area or shuttle stop.,Caution,[],2023-12-02 16:04:00.0
2026-08-27,A436C869-2A00-46D4-9673-609788164E5F,,Marsh-Billings-Rockefeller National Historical Park is Cashless,mabi,Tours may be purchased online (recreation.gov) or in person with a credit or debit card only. Cash transactions are not available at the park.,Information,[],2023-11-30 14:43:03.0
2026-08-27,261697B5-ED53-46D7-A8C3-1733478E043C,,CCC Camp Picnic Pavilions Closed,fone,The pavilions in the CCC Camp Picnic Area are closed for the immediate future for restoration work.,Information,[],2023-11-19 11:59:54.0
2026-08-27,0B19E1AF-B1D5-4318-A25A-49AAEBD15301,https://www.nps.gov/cong/planyourvisit/directions.htm,Planning Ahead for Transportation,cong,"If being dropped off at the park, please ensure you will have a return ride. Taxis and rideshares do not often come out to Congaree, and the bus may be unavailable. Please plan ahead.",Information,[],2023-11-08 14:25:04.0
2026-08-27,A959D1A1-6FCA-4FCD-A14E-B6793CF8C62D,,Ride Share Services,bisc,"Convoy Point grounds, Jetty Trail, kayak launch, and picnic area open at 7 a.m. and close at 5:30 p.m. If you are using a ride share service for transportation to and from the park, ensure ride share services can be onsite before closing time.",Information,[],2023-10-31 14:13:42.0
2026-08-27,34A77005-0F10-46D2-887F-6ED1F43A6C2D,,"Pozo Nuevo Road to Bates Well Ranch High Clearance, 4-Wheel Drive Only",orpi,"High Clearance, 4-wheel drive is required from where Pozo Nuevo Road begins along South Puerto Blanch Drive to Bates Well Ranch area. The road is washed out in areas. Bates Well Ranch is still accessible from the north on Darby Well Road.",Caution,[],2023-10-24 15:55:47.0
2026-08-27,6960564D-C9D1-4D27-9DC3-4E0667FEB398,https://www.nps.gov/pais/planyourvisit/weather.htm,Be aware of changing beach conditions,pais,Beach conditions are changing frequently. Check current tide charts and weather forecasts before traveling on the beach.,Information,[],2023-10-13 10:41:20.0
2026-08-27,5AA47410-8E1F-460B-9725-5C187CC3FDC6,,Jefferson Memorial elevator,thje,"The elevator from the ground level to the chamber of the Jefferson Memorial may be intermittently out of order. Visitors can take steps, but if you require an elevator for a successful visit, please call this number for current status: 202-426-6841.",Information,[],2023-10-10 11:30:13.0
2026-08-27,E63B3C9F-D8D2-4242-8FC3-278ACC475C0D,,Vehicle Break-in and Theft Warning,cuva,"Car break-ins in Cuyahoga Valley have tripled since 2022, resulting in theft of personal items like credit cards. Do not leave valuables in your car. As a last resort, lock items in your trunk before arriving. Thieves target parking lots regularly.",Caution,[],2023-09-27 15:24:02.0
2026-08-27,F94AF3FB-BBA1-4D0C-9E8A-73EDF7A434D5,https://www.nps.gov/gate/learn/management/spring-creek-park-environmental-cleanup-project.htm,Spring Creek (Queens) Closed to the Public,gate,"Spring Creek is closed to the public at this time. The NPS is conducting field investigations as part of a Remedial Investigation at the site. Spring Creek is located in Queens, NYC.",Park Closure,[],2023-09-07 15:28:49.0
2026-08-27,DD7FA3E9-E01F-420D-9F2A-91C535F09167,https://www.nps.gov/hstr/planyourvisit/index.htm,"All Tickets are First-Come, First Served; We Cannot Take Reservations",hstr,"All tickets to the Truman Home and the Truman Farm Home are first-come, first-served. At this time, we are unable to take any reservations for groups. No tickets are issued at the Truman Home itself...all tickets issued at the visitor center.",Information,[],2023-08-30 16:20:53.0
2026-08-27,72C1E5CC-67E3-4CCA-8FD3-FFD145A9A305,,Navigation Warning,wicr,Some navigation systems on devices misdirect visitors driving to Wilson’s Creek National Battlefield. Please note that the entrance to the park is at the visitor center located near the Southeast intersection of Hwy ZZ and FR 182.,Information,[],2023-08-25 10:55:09.0
2026-08-27,67391665-683E-4F3F-A8EB-AFFDE137D31C,,4-wheel drive recommended for beach driving,pais,4-wheel drive is recommended if driving on North and South Beach.,Information,[],2023-08-20 11:47:45.0
2026-08-27,AD2DA1FB-E0A4-4990-8DC6-BC98A974930C,,Drive Cautiously - Endangered Birds on Roadway,hale,"Nēnē (Hawaiian geese) and ʻuaʻu (Hawaiian petrel) are nesting in the park and may land on or frequent park roads, parking lots, and road leading up to the park. Drivers are reminded to drive at the posted speed limits and exercise caution.",Information,[],2023-08-17 19:27:14.0
2026-08-27,2B0B41A6-307A-4824-B46B-CAFC90917500,,Limited Cell Phone Coverage,amch,Cell phone voice and data coverage is very limited in the park and surrounding area.,Information,[],2023-08-08 12:19:41.0
2026-08-27,8480542B-A0D2-4ADC-8CFC-B3949B040A8F,https://www.nps.gov/noca/planyourvisit/fire-closures.htm,"Fire Closures - Trail, Area, and Camp Closures",noca,"For closures due to fire activity visit the Fire Closures page, including trail, area, and camp closures for current and post fire conditions.",Park Closure,[],2023-07-29 14:17:58.0
2026-08-27,FFFD3415-3713-473D-A2F9-70E3C53943E1,,Rideshare services should be used with caution if visiting the Tucson Mountain District,sagu,"Rideshare services will drop visitors off at the park, but usually will not pick them back up. To avoid being stranded in the park, coordinate two-way trips before using rideshares to visit the West side. No major trails start at the visitor center.",Information,[],2023-07-20 12:03:13.0
2026-08-27,381693C2-C744-4193-98A2-C018571033C7,https://www.nps.gov/sajh/planyourvisit/ethical-wildlife-viewing.htm,Wildlife Viewing Guidelines,sajh,"San Juan Island National Historical Park provides habitat for many species of animals. When you visit the park, you are visiting their home. Do not approach any wildlife within 75 ft/23 m (two school bus lengths).",Caution,[],2023-07-11 12:57:07.0
2026-08-27,BF6A82D5-884F-43CD-875E-81A85FFE6CB1,,See TRSite.org for the latest updates on the tour schedule.,thri,See TRSite.org for the latest updates on the tour schedule.,Information,[],2023-06-06 07:30:21.0
2026-08-27,5A0DC8F3-0433-44F0-9DB1-1C10A30E7AFC,https://www.nps.gov/kala/learn/management/lawsandpolicies.htm,Kalawao County Restrictions,kala,"Access to the park, including Kalawao County, the Kalaupapa Trail, the settlement, and Waikolu Valley, is restricted to residents and visitors with approved permits issued by Hawaii State Department of Health. Violations will result in arrest/fine.",Park Closure,[],2023-06-06 00:32:12.0
2026-08-27,397C37F9-794F-43D4-8170-A0A4EC780F0D,,Health and Safety,loea,"Masks are not required but are strongly recommended for all Museum visitors. Children under the age of 5 are not permitted on in-person building tours, but are welcome to attend a neighborhood walking tour or visit us virtually.",Information,[],2023-05-11 11:07:59.0
2026-08-27,A997D7EC-AB45-43A4-B910-74D691996AA8,https://www.parks.ca.gov/?page_id=471,Mount Tamalpais State Park - Trail Conditions,muwo,"Many trails in Muir Woods connect to trails in Mount Tamalpais State Park. For up-to-date information about trail conditions within State Park boundaries, check the Mount Tamalpais State Park Info page (click more) and scroll down to Trail Updates.",Information,[],2023-04-20 15:52:27.0
2026-08-27,2F804A9C-67F4-4EAF-BE9F-F7A6DBD02E96,,The Steeple Building Closed,chri,The Steeple Building remains closed until further notice.,Information,[],2023-04-18 14:08:34.0
2026-08-27,35BD1159-10BB-41BC-963B-C663652CFBC2,,County Line Road Closed Monday To Friday,vafo,"County Line Road is closed during the week, from Monday through Friday. The closure will apply to all vehicular, pedestrian, and bicycle traffic. Please find an alternate route.",Information,[],2023-04-17 13:51:33.0
2026-08-27,9E75B75C-1048-4FD5-AF97-666FD48F7645,https://www.rooseveltcampobello.org/about-visitor-information,Roosevelt Campobello International Park is located in Welshpool.,roca,"Campobello Island is located in the province of New Brunswick, Canada. The physical address for the Visitor Centre is: 459 Route 774 Welshpool, New Brunswick, Canada E5E 1A4",Information,[],2023-04-14 12:32:15.0
2026-08-27,2FF5C64E-7567-40A0-96E7-6D00BB5B645B,,Passaic River Trail Bridge washed out,morr,"Tropical Storm Ida washed out the Passaic River bridge on the Patriot's Path Trail south of Tempe Wick Road. This area is a known habitat of the endangered wood turtle, so do not wade, walk, or let your dog run in the river at this location.",Caution,[],2023-04-12 15:15:21.0
2026-08-27,6D5C9E19-8DF6-4224-9409-1F6A79A10C9E,https://www.nps.gov/noca/planyourvisit/lake-and-river-conditions.htm,Diablo Lake Boat Launch Inaccessible to Powerboats,noca,"Due to silt accumulation, the Diablo Lake boat launch at Colonial Creek South Campground is not usable for launching most powerboats. Expect shallow or no water at the launch ramp and the possibility of needing to carry your boat to or from the water.",Caution,[],2023-03-30 18:30:13.0
2026-08-27,7FAE4324-327C-49B7-BB6E-3006250312EC,,SEASONAL SAFETY MESSAGE,liri,"Be careful and safe while out in the canyon! Be cautious of your surroundings, don't cliff jump, don't stray off of the main trails, and don't get too close to Little River Falls or the canyon rim. These activities could result in injury or death.",Danger,[],2023-03-23 14:16:55.0
2026-08-27,B4970CBA-F182-4CE1-8E91-F95DE1BF0D09,https://www.nps.gov/articles/unmanned-aircraft-in-the-national-parks.htm,Fort Davis NHS is a NO DRONE Zone!,foda,The use of drones is prohibited at Fort Davis National Historic Site. Thank you for preserving the cultural landscape.,Information,[],2023-03-23 09:28:51.0
2026-08-27,9DAE265C-1503-47A1-88F3-8788B848361C,,Fort Davis NHS is in the Central Time Zone,foda,Fort Davis National Historic Site is located in the Central Time Zone. The park is open 8:00 am until 5:00 pm (Central Time). The Visitor Center closes at 4:30pm. The Main Gate locks at 5:00pm.,Information,[],2023-03-23 09:28:40.0
2026-08-27,09699C7F-F2CD-4BE9-B8D4-5E19CC89BE7A,https://www.nps.gov/zion/planyourvisit/toxic-cyanobacteria-bloom-in-the-virgin-river-and-the-streams-of-zion-national-park.htm,Toxic Cyanobacteria in the Virgin River and the streams of Zion National Park,zion,Do not submerge your head in or filter drinking water from still or moving water.,Caution,[],2023-03-15 20:31:23.0
2026-08-27,752B141E-B0A8-4188-81EC-06C0A6B9C916,https://www.nps.gov/gate/protecting-plovers.htm,Dogs Not allowed on ocean beaches in Jamaica Bay and Sandy Hook March 15- Sept. 15,gate,"Dogs are not allowed on ocean beaches at Sandy Hook between March 15 through September 15. Dogs are not allowed on the ocean beaches at Jacob Riis Park, Fort Tilden, Breezy Point Tip and at the bayside of Breezy Point between March 15 through September 15",Information,[],2023-03-15 15:55:13.0
2026-08-27,D913CBAE-39C5-4DAB-9C60-012A0DE2D979,,Weather Advisory and Storm Warnings,cach,The park may have delayed openings or closures in the event of severe weather. Travel may not be recommended during these times. Please check local weather forecasts. We appreciate your understanding.,Caution,[],2023-02-23 15:02:25.0
2026-08-27,1CE40922-C04A-4509-934A-8921913E97D6,,Weather Advisory and Storm Warnings,nava,The park may have delayed openings or closures in the event of severe weather. Travel may not be recommended during these times. Please check local weather forecasts. We appreciate your understanding.,Caution,[],2023-02-23 14:57:36.0
2026-08-27,326BB2AB-B18F-49AF-8E40-1A0898DABB12,,Weather Advisory and Storm Warnings,hutr,The park may have delayed openings or closures in the event of severe weather. Travel may not be recommended during these times. Please check local forecasts. We appreciate your understanding.,Caution,[],2023-02-23 14:42:01.0
2026-08-27,FC4081DE-FF98-4059-8FD4-F7112A221A1F,,Wind Cave moves to cashless fee collection,wica,"Payments for cave tours, campground fees, as well as Interagency Passes at Wind Cave National Park, will be by credit/ debit cards or digital payments only. Cash and check payments will no longer be accepted.",Information,[],2023-02-10 17:18:28.0
2026-08-27,D79DD645-C7A5-4AE4-8031-32326721B145,https://www.nps.gov/coro/planyourvisit/safety.htm,Be Aware of Illegal Traffic,coro,Smuggling and/or illegal entry is common in this area due to the proximity of the international border. Please be aware of your surroundings at all times and do not travel alone in remote areas.,Caution,[],2023-02-08 11:01:39.0
2026-08-27,58FF743F-2114-410E-AC7D-16772DE9035A,,The North Shoreline is Closed,fopu,The shoreline is closed permanently for resource protection and visitor safety.,Information,[],2023-01-07 11:58:29.0
2026-08-27,03B953FC-7E30-415D-A65D-42147D28452E,,Big Bend is a NO DRONE Zone,bibe,The use of drones is prohibited in Big Bend National Park. Thank you for preserving the peace and tranquility of Big Bend.,Information,[],2022-12-13 10:11:51.0
2026-08-27,A1BDABE7-A32D-4C27-9361-7D536D913379,https://www.nps.gov/thingstodo/gumo_hike_devils_hall_trail.htm,Devil's Hall is a Strenuous Hike,gumo,The hike to Devil's Hall is rated as strenuous. The portion of the route in the wash requires rock scrambling and is dangerous when wet or if water is present. The wash surface is loose gravel and rocks and may be unstable.,Caution,[],2022-12-02 13:09:34.0
2026-08-27,D0593330-51C0-4A18-B8EB-7C99C19757E4,,Oakland Main House Self-Guided Tours,cari,The interior of the Oakland Main House is ONLY open to the public on weekends from 10 a.m. to 2 p.m. All tours of the house are self-guided and occupancy within the building is limited. Please plan accordingly.,Information,[],2022-10-08 14:52:46.0
2026-08-27,89E8F214-29EB-4BF5-B85E-01A4212E4F69,https://www.nps.gov/dena/planyourvisit/conditions.htm,Park Operations Altered Due to Pretty Rocks Landslide,dena,Summer access to facilities and services in Denali remains altered due to the Pretty Rocks Landslide and the associated closure of the Park Road at Mile 43. Check here for more information on what to expect.,Park Closure,[],2022-09-19 14:11:22.0
2026-08-27,93EB14E1-EFB7-4604-8674-6129B325E72A,,Boater Awareness,bisc,Please use caution in park waters due to navigational markers that may be missing or moved due to unforeseen circumstances.,Caution,[],2022-09-07 17:29:16.0
2026-08-27,E6BAE6AE-8791-4093-B1FF-4DA65C156D6A,,Appropriate Footwear Required for Cave Tours,jeca,"Visitors are required to wear completely enclosed shoes if participating in a cave tour, like tennis shoes, sneakers or hiking boots. Any type of sandals or shoes with any openings are NOT acceptable.",Information,[],2022-06-22 15:55:00.0
2026-08-27,60ACB26C-E132-4CD7-8B2E-E75F3CB27A31,https://www.nps.gov/bibe/planyourvisit/pets.htm,Bringing a Pet to Big Bend?,bibe,"Bringing your pet to Big Bend National Park will limit some of your park explorations and opportunities. Pets are not allowed on park trails, in the backcountry, or on the river. Pets are allowed only where vehicles can go. Pets may not be left unattended",Information,[],2022-05-04 15:01:26.0
2026-08-27,F56D53B8-F631-4A74-8190-78A6D46A2C21,https://www.nps.gov/sacr/planyourvisit/hours.htm,Operating Hours & Seasons,sacr,The park is normally open year-round during daylight hours. Some park facilities are closed during the winter.,Information,[],2022-04-01 16:25:57.0
2026-08-27,49AA3E71-0DE2-43B6-98CB-6F2E5FB4114F,,Dangerous Highway Crossing,tapr,"Highway 177 is 60 mph with a blind spot directly across from the house. Safely use the highway underpass to the Fox Creek Trail just south of the visitor center parking lot. Be smart, stay alive.",Caution,[],2022-03-26 15:20:42.0
2026-08-27,E8D8E37F-F51C-4078-95B5-58BAA26BE0C2,https://www.nps.gov/guis/planyourvisit/pets.htm,No Dogs on Beach,guis,Dogs and pets are not allowed on any of the beaches in Gulf Islands National Seashore. Visit the pet rules page for information.,Information,[],2022-03-23 13:43:17.0
2026-08-27,37D34A4A-3CAC-453D-914C-56F8AD5AA790,,Face masks are now optional,natc,"As Covid-related numbers have dipped below the CDC determined High Rate of Transmission in Adams County, Mississippi, face masks are no longer required in all NPS buildings at Natchez National Historical Park. Wearing of face masks is optional.",Information,[],2022-03-09 15:31:41.0
2026-08-27,507C6859-F2CC-4410-A28C-1CD4A42F9046,https://www.weather.gov/beach/mob,Rip Current Status,guis,Review rip current status prior to visiting the park.,Caution,[],2022-02-28 16:28:38.0
2026-08-27,0BE0F116-0919-45DC-9827-B6A2443166E0,,Fee Stations Credit Card Only,casa,Fee Stations are only accepting credit cards for the purchase of entry tickets and passes.,Information,[],2022-02-28 09:58:39.0
2026-08-27,D05DC153-44A4-42F9-A820-3941EFE46B78,,Stamp Status,colt,"Unfortunately, since we are not an official park yet, we do not currently have a park stamp.",Information,[],2022-02-22 11:20:22.0
2026-08-27,438F0FDB-D144-4EE3-A462-7D31A1FC7D47,,Phones Are Not Operational,kala,"We continue to experience intermittent outages with our phone lines. If your call does not go through, please try again later, or try to leave us a message and we will get back to you. Thank you for your understanding.",Information,[],2022-01-04 19:40:04.0
2026-08-27,2F36DE5C-9C7D-43BA-9839-5CA21FC7695B,,Fort Pulaski Entrance Fees are Credit/Debit Only,fopu,The park is no longer accepting cash for entrance fees. Credit and debit cards are the only method of payment currently being accepted.,Information,[],2021-08-18 13:12:33.0
2026-08-27,3FDA6968-C4B7-4A28-8169-B0E4B1272765,https://www.nps.gov/maca/planyourvisit/cave-tours.htm,Tickets are required to enter Mammoth Cave,maca,Reservations are strongly recommended. Reservations are the only way to ensure a spot is available for your party. Please plan accordingly by visiting Recreation.gov to secure your tickets in advance. Availability of walk-up tickets is not guaranteed.,Information,[],2021-08-02 18:14:26.0
2026-08-27,2321E568-1236-48FC-B68A-46BF910959DA,https://www.nps.gov/colt/learn/management/parkdev.htm,Park in Progress,colt,Coltsville NHP is working toward establishment and is not yet an official park. We do not have a Visitor Center and visitor services are limited. For more information please visit our Park Development and Calendar pages.,Park Closure,[],2021-06-17 12:01:16.0
2026-08-27,9A56AD4A-0360-4772-97E2-9F3DC94863D2,,No Fuel Services,agfo,Fuel up before visiting! Agate Fossil Beds National Monument is 30-50 miles from the nearest service stations.,Information,[],2021-05-07 13:38:17.0
2026-08-27,BFA383C7-564D-4846-9653-8C19DE71D34F,,Limited Cell Phone Coverage,agfo,Cell phone voice and data coverage is very limited in the park and surrounding area. Free visitor WiFi is available in the visitor center.,Information,[],2021-05-07 13:18:05.0
2026-08-27,3F474000-28BF-4E75-AB2F-0D17DDF35792,,Possession or use of marijuana inside Fire Island National Seashore is prohibited.,fiis,"While New York provides for regulated possession and use of marijuana, it remains an illegal drug under federal law and enforced within National Park units.",Information,[],2021-04-12 16:18:47.0
2026-08-27,9841E3C0-CA5C-4C20-A425-DF013FF74A69,https://northcountrytrail.org/the-trail/trail-alerts/,Trail Alerts,noco,Trail closures are reported to the North Country Trail Association. Go to their Trail Alerts page for the latest information.,Information,[],2020-12-28 16:33:22.0
2026-08-27,768A062E-B105-44FC-8F59-3605699FC4AA,https://www.nps.gov/badl/planyourvisit/directions.htm,Navigation,badl,"Do not rely on GPS digital navigation systems to find your way to Badlands National Park. Please note that the Visitor Center at 25216 Ben Reifel Road, Interior SD 57750 is located just off I-90.",Caution,[],2020-12-16 09:25:24.0
2026-08-27,2B0C77D1-2B6D-4BFF-B712-80098F9257FC,,What To Know Before You Visit,popo,"Park grounds and visitor center are open, but you're encouraged to call the visitor center at 318-926-5492 for the latest information and COVID-19 precautions before you visit.",Information,[],2020-07-20 13:22:54.0
2026-08-27,9B4FEB70-4E5A-4C7B-A3AB-F5C6A923870C,,Motorized Recreational Scooters Not Permitted in Park,fomc,"For the safety and protection of visitors and park resources, motorized scooters are not permitted within the park. Any vehicles (scooters, bicycles, etc.) that are part of a ride-share program may not be left behind for pick up inside the park",Information,[],2020-06-08 08:37:13.0
2026-08-27,BA77C3A9-15D9-4139-9DB0-B2E75ADFBB4D,,Be Prepared for your Visit,mocr,"Before hiking at Moores Creek, make sure to bring all your necessary medications, sunscreen, bottled water for hikes, loose fitting clothes for hiking, and any other items you may need.",Information,[],2020-05-27 09:43:21.0
2026-08-27,12A30328-BB76-4826-9315-69220824E33B,,Bicycle Use In The Monument,petr,Bicycles are ONLY allowed at the following locations: 1 - On the Boca Negra Canyon paved multiuse path; bicycles must remain on the paved bike path. 2 - On the crusher fine trail that winds in and out of the park around the mesa top above Boca Negra.,Information,[],2019-12-03 14:57:43.0
2026-08-27,9A365014-CBA7-45E4-95E6-F8F0A13D35A8,https://www.nps.gov/natr/learn/news/yockanookany-section-trail-closure.htm,Yockanookany Trail Section Closed to Equestrians,natt,"The Yockanookany section of the Natchez Trace National Scenic Trail is closed to equestrian use effective immediately, due to safety concerns with trail bridges and boardwalks. The trail will remain open to pedestrians.",Park Closure,[],2019-10-26 11:08:59.0
2026-08-27,B171D571-FE0E-4920-B8B4-5C35D646DD4F,,Notice to travelers to National Cemetery,anjo,"Due to the narrow roadway & tight turn, RVs, mobile homes, charter buses, delivery trucks, or vehicles with trailers are prohibited from the crest of Monument Hill. Check for information about parking at the Visitor Center upon your arrival.",Caution,[],2019-08-12 15:39:35.0
2026-08-27,87F12777-F902-4017-8783-2A28241A0458,,RV and Tractor Trailer Parking at the Visitor Center,whsa,There is limited space for parking for recreational vehicles and trailers in the parking lot directly in front (south) of the visitor center. RVs are asked to not park in the lot behind the visitor center. There is no parking space for tractor trailers.,Information,[],2019-02-05 14:36:01.0
2026-08-27,D2043EA0-DF82-46FB-B3A1-6CECDD141B8D,,Federal Government Shutdown,opot,"During the federal government shutdown, this website will not be updated and may not reflect current conditions. The tour of the Old Post Office Tower is closed for resource protection and safety.",Park Closure,[],2018-12-22 11:01:55.0
2026-08-27,DD4E164C-89A7-47B0-B6D8-937134DC52C5,https://www.nps.gov/ulsg/planyourvisit/directions.htm,GPS Navigation Systems,ulsg,"GPS navigation systems often misdirect visitors driving to Ulysses S. Grant National Historic Site. GPS systems often route visitors to our back gate, or to the entrance for Grant's Farm (not affiliated with the NPS). Please visit our directions page.",Information,[],2018-12-05 18:00:27.0
2026-08-27,59BA228E-ACAE-4A57-AD4F-CC9E6AFD54E4,,Footwear in the Cavern,cave,"For safety, closed-toe shoes with good traction are recommended. Flip flops, sandals, and some walking shoes have little or no traction and increase the possibility of slips, trips, and falls. Watch your step and use the handrails when necessary.",Information,[],2018-09-19 18:25:10.0
2026-08-27,0EA570B2-2FF0-4B33-AD3A-1313385965A0,https://www.nps.gov/zion/planyourvisit/index.htm,Please park legally and responsibly in Zion National Park and the Town of Springdale,zion,"Zion has limited parking space. Park only in designated stalls. Vehicles parked outside of designated stalls are subject to citation and may be towed. Once all designated parking stalls in Zion are full, visitors should park in Springdale.",Information,[],2018-05-18 14:28:24.0
2026-08-27,D992F239-4C85-45CE-B471-5107FEC177B2,https://www.nps.gov/chis/planyourvisit/conditions.htm,Santa Barbara Island Dock Closed; Landings Restricted to Adjacent Rocky Ledge,chis,"Santa Barbara Island is open to public access, but landings are restricted to the rocky ledge adjacent to the dock. The dock is closed and is not expected to be repaired in the near future due to the severe winter storm damage.",Information,[],2018-01-23 14:42:10.0
2026-08-27,0FC3E803-182D-4F93-B872-2E3277445A72,,Arrival by Boat,kala,It is prohibited to come within 1/4 mile of the Kalaupapa shoreline. Access by boat within the quarter mile offshore park boundary requires a special use permit.,Information,[],2017-09-21 18:06:38.0
2026-08-27,7D5830C9-8EED-4C56-B4EC-CA0130205AE5,,Garden Key Harbor Light,drto,Vessel operators - the Garden Key Harbor Light is undergoing repairs and is extinguished. At this time it is unknown when the light will again be illuminated.,Caution,[],2017-08-17 14:16:47.0
2026-08-27,07FA0182-FE82-4689-9355-B863754A45A9,https://www.nps.gov/mimi/planyourvisit/directions.htm,Warning about GPS Systems!,mimi,"Vehicle Navigation Systems and GPS units may provide inaccurate information—sending drivers the wrong way on one-way roads, leading them to dead ends in remote areas, or sending them on roads which are impassable. Use the Interstate exits for wayfinding.",Caution,[],2017-08-02 08:27:14.0
2026-08-27,029622AA-F8C4-40E2-99C1-13479E55D4ED,,Test Alert,inau,Test Alert,Danger,[],2017-03-08 10:04:12.0
2026-08-27,B7FA217E-29E4-4FF9-87DD-45C07E0D86B4,https://www.nps.gov/labe/planyourvisit/caving.htm,White-Nose Syndrome / Cave Permit,labe,"Please Do Not bring clothing or caving gear used in caves or mines outside of Lava Beds into our caves. This will help slow the spread of white-nose syndrome, a bat disease that is killing bats outside of the park.",Information,[],2016-05-19 15:48:28.0
2026-08-27,6B262C5A-387C-4AAE-B3A4-31461DB05D04,https://www.nps.gov/biso/planyourvisit/firewood-quarantine.htm,Firewood ban is in effect for the park.,biso,"Firewood ban is in effect for the park. Only firewood from the surrounding counties of Scott, Morgan, Pickett, and Fentress, in Tennessee, and McCreary in Kentucky, can be brought into the park. Firewood is for sale or you may use dead and down wood.",Information,[],2016-04-20 08:21:16.0
2026-08-27,2F92DCC9-55CD-440F-A35C-8B08AA1558B5,https://www.nps.gov/biso/learn/nature/blackbear.htm,Black Bears at Big South Fork,biso,"Black bears call Big South Fork NRRA home. Help keep them healthy and safe by storing all food, cooking items, feed, cosmetics and coolers properly stored when at campgrounds or in the backcountry.",Information,[],2016-04-12 17:35:48.0
2026-08-27,5033D82A-CDFE-4756-B726-2EEB52552CF7,,Unmanned Aircraft,kala,"Launching, landing, or operating an unmanned aircraft from or on lands and waters administered by the National Park Service within the boundaries of Kalaupapa National Historical Park is prohibited. This includes model airplanes, quadcopters, and drones.",Information,[],2016-03-31 14:47:23.0
2026-08-27,FA92ED3E-3FA3-41C9-A166-5064DDA98044,,Be Aware of Break-ins along State Route 20,noca,Prevent smashed windows and theft. Break-ins are not uncommon at trailheads along State Route 20. Remove your valuables and electronics and take associated electronic cords.,Caution,[],2015-05-21 11:19:27.0
