extraction_date,is_start_date_verified,is_end_date_verified,is_start_position_verified,is_end_position_verified,types_of_incident,start_date,end_date,location_method,vehicle_impact,beginning_accuracy,ending_accuracy,start_date_accuracy,end_date_accuracy,Id,_id,core_details.name,core_details.data_source_id,core_details.event_type,core_details.road_names,core_details.direction,core_details.description,types_of_work,data_source_id,organization_name,update_date,contact_name,contact_email,update_frequency
2026-05-17,False,False,False,False,"[{'incident_category': 'winter', 'incident_type': 'ice', 'description': 'Seasonal closure of North Entrance Road and Rim Drive due to snow from October through June. '}, {'incident_category': 'winter', 'incident_type': 'snowfall', 'description': 'Seasonal closure of North Entrance Road and Rim Drive due to snow from October through June. '}]",2025-10-10T07:00:00Z,2026-07-01T06:59:59Z,unknown,all-lanes-closed,estimated,estimated,estimated,estimated,5e4b608d-7300-07e4-5b07-d59c21f8de48,0,North Entrance Road and Rim Drive are CLOSED for the Season,02e0312b-cbd4-40bb-2c4e-08d4c7ad36e2,incident,"['North Entrance Road', 'West Rim Drive', 'East Rim Drive']",northbound,Seasonal closure of North Entrance Road and Rim Drive due to snow from October through June. ,,02e0312b-cbd4-40bb-2c4e-08d4c7ad36e2,Crater Lake National Park,2024-02-01T01:07:37.430224Z,Crater Lake National Park,CRLA_Superintendent@nps.gov,
2026-05-17,False,False,False,False,"[{'incident_category': 'winter', 'incident_type': 'ice', 'description': 'Seasonal closure of North Entrance Road and Rim Drive due to snow from October through June. '}, {'incident_category': 'winter', 'incident_type': 'snowfall', 'description': 'Seasonal closure of North Entrance Road and Rim Drive due to snow from October through June. '}]",2025-10-10T07:00:00Z,2026-07-01T06:59:59Z,unknown,all-lanes-closed,estimated,estimated,estimated,estimated,7bdfc8c1-579e-9a0c-f25f-88a3cb9adfc8,1,North Entrance Road and Rim Drive are CLOSED for the Season,02e0312b-cbd4-40bb-2c4e-08d4c7ad36e2,incident,"['North Entrance Road', 'West Rim Drive', 'East Rim Drive']",northbound,Seasonal closure of North Entrance Road and Rim Drive due to snow from October through June. ,,02e0312b-cbd4-40bb-2c4e-08d4c7ad36e2,Crater Lake National Park,2024-02-01T01:07:37.430224Z,Crater Lake National Park,CRLA_Superintendent@nps.gov,
2026-05-17,False,False,False,False,"[{'incident_category': 'winter', 'incident_type': 'ice', 'description': 'Seasonal closure of North Entrance Road and Rim Drive due to snow from October through June. '}, {'incident_category': 'winter', 'incident_type': 'snowfall', 'description': 'Seasonal closure of North Entrance Road and Rim Drive due to snow from October through June. '}]",2025-10-10T07:00:00Z,2026-07-01T06:59:59Z,unknown,all-lanes-closed,estimated,estimated,estimated,estimated,8b85394a-40a6-42d9-6df7-86c1996395cd,2,North Entrance Road and Rim Drive are CLOSED for the Season,02e0312b-cbd4-40bb-2c4e-08d4c7ad36e2,incident,"['North Entrance Road', 'West Rim Drive', 'East Rim Drive']",southbound,Seasonal closure of North Entrance Road and Rim Drive due to snow from October through June. ,,02e0312b-cbd4-40bb-2c4e-08d4c7ad36e2,Crater Lake National Park,2024-02-01T01:07:37.430224Z,Crater Lake National Park,CRLA_Superintendent@nps.gov,
2026-05-17,False,False,False,False,"[{'incident_category': 'winter', 'incident_type': 'snowfall', 'description': 'Seasonal closure of North Entrance Road and Rim Drive due to snow from October through June. '}, {'incident_category': 'winter', 'incident_type': 'ice', 'description': 'Seasonal closure of North Entrance Road and Rim Drive due to snow from October through June. '}]",2025-10-10T07:00:00Z,2026-07-01T06:59:59Z,unknown,all-lanes-closed,estimated,estimated,estimated,estimated,9b917660-f67d-04eb-e8c7-115ad87550b5,3,North Entrance Road and Rim Drive are CLOSED for the Season,02e0312b-cbd4-40bb-2c4e-08d4c7ad36e2,incident,"['North Entrance Road', 'West Rim Drive', 'East Rim Drive']",northbound,Seasonal closure of North Entrance Road and Rim Drive due to snow from October through June. ,,02e0312b-cbd4-40bb-2c4e-08d4c7ad36e2,Crater Lake National Park,2024-02-01T01:07:37.430224Z,Crater Lake National Park,CRLA_Superintendent@nps.gov,
2026-05-17,False,False,False,False,"[{'incident_category': 'winter', 'incident_type': 'snowfall', 'description': 'Seasonal closure of North Entrance Road and Rim Drive due to snow from October through June. '}, {'incident_category': 'winter', 'incident_type': 'ice', 'description': 'Seasonal closure of North Entrance Road and Rim Drive due to snow from October through June. '}]",2025-10-10T07:00:00Z,2026-07-01T06:59:59Z,unknown,all-lanes-closed,estimated,estimated,estimated,estimated,c17ed80c-7206-8b28-02fe-54c872739b9b,4,North Entrance Road and Rim Drive are CLOSED for the Season,02e0312b-cbd4-40bb-2c4e-08d4c7ad36e2,incident,"['North Entrance Road', 'West Rim Drive', 'East Rim Drive']",southbound,Seasonal closure of North Entrance Road and Rim Drive due to snow from October through June. ,,02e0312b-cbd4-40bb-2c4e-08d4c7ad36e2,Crater Lake National Park,2024-02-01T01:07:37.430224Z,Crater Lake National Park,CRLA_Superintendent@nps.gov,
2026-05-17,False,False,False,False,"[{'incident_category': 'winter', 'incident_type': 'ice', 'description': 'Seasonal closure of North Entrance Road and Rim Drive due to snow from October through June. '}, {'incident_category': 'winter', 'incident_type': 'snowfall', 'description': 'Seasonal closure of North Entrance Road and Rim Drive due to snow from October through June. '}]",2025-10-10T07:00:00Z,2026-07-01T06:59:59Z,unknown,all-lanes-closed,estimated,estimated,estimated,estimated,f3b356f1-08a3-8a1a-4ba2-5de729f879d5,5,North Entrance Road and Rim Drive are CLOSED for the Season,02e0312b-cbd4-40bb-2c4e-08d4c7ad36e2,incident,"['North Entrance Road', 'West Rim Drive', 'East Rim Drive']",southbound,Seasonal closure of North Entrance Road and Rim Drive due to snow from October through June. ,,02e0312b-cbd4-40bb-2c4e-08d4c7ad36e2,Crater Lake National Park,2024-02-01T01:07:37.430224Z,Crater Lake National Park,CRLA_Superintendent@nps.gov,
2026-05-17,False,False,False,False,"[{'incident_category': 'special-event', 'incident_type': 'major', 'description': 'East Rim Drive is closed to motorized vehicles from 7:00 PM Friday (9/6) through 4:00 PM Saturday (9/7) for annual Ride the Rim Event.'}]",2025-09-27T06:27:00Z,,unknown,all-lanes-closed,estimated,estimated,estimated,estimated,9053325d-42ec-175c-0ec8-a28cdbe16d8e,6,Ride the Rim ,02e0312b-cbd4-40bb-2c4e-08d4c7ad36e2,incident,['East Rim Drive'],eastbound,East Rim Drive is closed to motorized vehicles from 7:00 PM Friday (9/6) through 4:00 PM Saturday (9/7) for annual Ride the Rim Event.,,02e0312b-cbd4-40bb-2c4e-08d4c7ad36e2,Crater Lake National Park,2024-02-01T01:07:37.430224Z,Crater Lake National Park,CRLA_Superintendent@nps.gov,
2026-05-17,False,False,False,False,"[{'incident_category': 'special-event', 'incident_type': 'major', 'description': 'East Rim Drive is closed to motorized vehicles from 7:00 PM Friday (9/6) through 4:00 PM Saturday (9/7) for annual Ride the Rim Event.'}]",2025-09-27T06:27:00Z,,unknown,all-lanes-closed,estimated,estimated,estimated,estimated,e305a348-f09b-e247-3cda-ef67a2d0e9e5,7,Ride the Rim ,02e0312b-cbd4-40bb-2c4e-08d4c7ad36e2,incident,['East Rim Drive'],westbound,East Rim Drive is closed to motorized vehicles from 7:00 PM Friday (9/6) through 4:00 PM Saturday (9/7) for annual Ride the Rim Event.,,02e0312b-cbd4-40bb-2c4e-08d4c7ad36e2,Crater Lake National Park,2024-02-01T01:07:37.430224Z,Crater Lake National Park,CRLA_Superintendent@nps.gov,
2026-05-17,False,False,False,False,"[{'incident_category': 'winter', 'incident_type': 'snowfall', 'description': 'The Loop Road and North Entrance are closed for winter to all vehicle traffic. Both roads are accessible by non-motorized vehicles, foot, ski, or snowshoe. '}]",2024-11-04T05:00:00Z,,unknown,all-lanes-closed,estimated,estimated,estimated,estimated,b8b1b61a-59d3-fa5b-a1af-801d097584a4,8,Seasonal Road Closures ,14f622d5-159a-4bf7-8c2d-d9f8fea7206e,incident,"['Loop Road', 'North Entrance']",eastbound,"The Loop Road and North Entrance are closed for winter to all vehicle traffic. Both roads are accessible by non-motorized vehicles, foot, ski, or snowshoe. ",,14f622d5-159a-4bf7-8c2d-d9f8fea7206e,Katahdin Woods and Waters National Monument,2024-09-11T12:22:53.633317Z,Katahdin Woods and Waters National Monument,KAWW_Superintendent@nps.gov,
2026-05-17,False,False,False,False,"[{'incident_category': 'winter', 'incident_type': 'snowfall', 'description': 'The Loop Road and North Entrance are closed for winter to all vehicle traffic. Both roads are accessible by non-motorized vehicles, foot, ski, or snowshoe. '}]",2024-11-04T05:00:00Z,,unknown,all-lanes-closed,estimated,estimated,estimated,estimated,eb303640-a320-361e-544f-dc395de6e177,9,Seasonal Road Closures ,14f622d5-159a-4bf7-8c2d-d9f8fea7206e,incident,"['Loop Road', 'North Entrance']",westbound,"The Loop Road and North Entrance are closed for winter to all vehicle traffic. Both roads are accessible by non-motorized vehicles, foot, ski, or snowshoe. ",,14f622d5-159a-4bf7-8c2d-d9f8fea7206e,Katahdin Woods and Waters National Monument,2024-09-11T12:22:53.633317Z,Katahdin Woods and Waters National Monument,KAWW_Superintendent@nps.gov,
2026-05-17,False,False,False,False,,2026-04-14T07:00:00Z,,unknown,flagging,estimated,estimated,estimated,estimated,94c35750-f827-9a52-9277-672016fb4f35,10,Big Oak Flat Road Fire Safety Work,16e33ae7-e71f-45ce-2e37-08d4c7ad36e2,work-zone,['Big Oak Flat Road'],eastbound,"Crews are removing dead and fallen wood and reducing smaller trees near the road. This work reduces wildfire risk to visitors, infrastructure, and firefighters, and helps prepare the area for future prescribed fire or to better withstand wildfires.",[{'type_name': 'roadside-work'}],16e33ae7-e71f-45ce-2e37-08d4c7ad36e2,Yosemite National Park,2023-07-09T18:07:22.389219Z,Yosemite National Park,YOSE_Superintendent@nps.gov,
2026-05-17,False,False,False,False,,2026-04-14T07:00:00Z,,unknown,flagging,estimated,estimated,estimated,estimated,b563ce71-2818-e495-5024-b4feea1e81d2,11,Big Oak Flat Road Fire Safety Work,16e33ae7-e71f-45ce-2e37-08d4c7ad36e2,work-zone,['Big Oak Flat Road'],westbound,"Crews are removing dead and fallen wood and reducing smaller trees near the road. This work reduces wildfire risk to visitors, infrastructure, and firefighters, and helps prepare the area for future prescribed fire or to better withstand wildfires.",[{'type_name': 'roadside-work'}],16e33ae7-e71f-45ce-2e37-08d4c7ad36e2,Yosemite National Park,2023-07-09T18:07:22.389219Z,Yosemite National Park,YOSE_Superintendent@nps.gov,
2026-05-17,False,False,False,False,,2026-05-01T06:00:00Z,2026-11-01T05:59:59Z,unknown,all-lanes-closed,estimated,estimated,estimated,estimated,5c752291-a18e-0b5c-d5dc-bad5fb3c6095,12,Moose-Wilson Road and Death Canyon Trailhead Construction,18e0916e-0a41-4038-2cc3-08d4c7ad36e2,work-zone,"['Moose-Wilson Road', 'Death Canyon Road']",eastbound,"Moose-Wilson Road is closed for construction from Sawmill Ponds to the Laurance S. Rockefeller Preserve. Death Canyon Trailhead and road is also closed for construction. All public access including vehicles, bikes, and walking is prohibited.","[{'type_name': 'surface-work'}, {'type_name': 'barrier-work'}, {'type_name': 'roadway-relocation'}]",18e0916e-0a41-4038-2cc3-08d4c7ad36e2,Grand Teton,2025-05-29T18:18:11.021581Z,Grand Teton,grte_Superintendent@nps.gov,
2026-05-17,False,False,False,False,,2026-05-01T06:00:00Z,2026-11-01T05:59:59Z,unknown,all-lanes-closed,estimated,estimated,estimated,estimated,80decbe7-30e0-1cd8-6237-b7b4240e4868,13,Moose-Wilson Road and Death Canyon Trailhead Construction,18e0916e-0a41-4038-2cc3-08d4c7ad36e2,work-zone,"['Moose-Wilson Road', 'Death Canyon Road']",northbound,"Moose-Wilson Road is closed for construction from Sawmill Ponds to the Laurance S. Rockefeller Preserve. Death Canyon Trailhead and road is also closed for construction. All public access including vehicles, bikes, and walking is prohibited.","[{'type_name': 'barrier-work'}, {'type_name': 'surface-work'}, {'type_name': 'roadway-relocation'}]",18e0916e-0a41-4038-2cc3-08d4c7ad36e2,Grand Teton,2025-05-29T18:18:11.021581Z,Grand Teton,grte_Superintendent@nps.gov,
2026-05-17,False,False,False,False,,2026-05-01T06:00:00Z,2026-11-01T05:59:59Z,unknown,all-lanes-closed,estimated,estimated,estimated,estimated,9200b1e2-c46f-182c-9fe3-c8abd0bb95e7,14,Moose-Wilson Road and Death Canyon Trailhead Construction,18e0916e-0a41-4038-2cc3-08d4c7ad36e2,work-zone,"['Moose-Wilson Road', 'Death Canyon Road']",southbound,"Moose-Wilson Road is closed for construction from Sawmill Ponds to the Laurance S. Rockefeller Preserve. Death Canyon Trailhead and road is also closed for construction. All public access including vehicles, bikes, and walking is prohibited.","[{'type_name': 'barrier-work'}, {'type_name': 'roadway-relocation'}, {'type_name': 'surface-work'}]",18e0916e-0a41-4038-2cc3-08d4c7ad36e2,Grand Teton,2025-05-29T18:18:11.021581Z,Grand Teton,grte_Superintendent@nps.gov,
2026-05-17,False,False,False,False,,2026-05-01T06:00:00Z,2026-11-01T05:59:59Z,unknown,all-lanes-closed,estimated,estimated,estimated,estimated,e548e282-0246-5d3d-a34a-f243fd51b4e6,15,Moose-Wilson Road and Death Canyon Trailhead Construction,18e0916e-0a41-4038-2cc3-08d4c7ad36e2,work-zone,"['Moose-Wilson Road', 'Death Canyon Road']",westbound,"Moose-Wilson Road is closed for construction from Sawmill Ponds to the Laurance S. Rockefeller Preserve. Death Canyon Trailhead and road is also closed for construction. All public access including vehicles, bikes, and walking is prohibited.","[{'type_name': 'barrier-work'}, {'type_name': 'roadway-relocation'}, {'type_name': 'surface-work'}]",18e0916e-0a41-4038-2cc3-08d4c7ad36e2,Grand Teton,2025-05-29T18:18:11.021581Z,Grand Teton,grte_Superintendent@nps.gov,
2026-05-17,False,False,False,False,,2025-11-28T08:00:00Z,2026-08-28T06:59:59Z,unknown,all-lanes-closed,estimated,estimated,estimated,estimated,3ed1d2d4-f059-ee09-12f9-10f1ac062c81,16,Hart Mine Road Closed.,40ce97b0-d798-4e6c-2d42-08d4c7ad36e2,incident,['Hart Mine Road '],northbound,Hart Mine Road Closed.,,40ce97b0-d798-4e6c-2d42-08d4c7ad36e2,Mojave National Preserve,2024-01-16T16:49:30.901165Z,Mojave National Preserve,MOJA_Superintendent@nps.gov,150.0
2026-05-17,False,False,False,False,"[{'incident_category': 'winter', 'incident_type': 'snowfall', 'description': 'Re-opening dates unknown for these roads. Roads closed due to road damage: Middle Fork Road, Redwood Canyon Road, eastern end of South Fork Road.'}, {'incident_category': 'disaster', 'incident_type': 'flood-flash', 'description': 'Re-opening dates unknown for these roads. Roads closed due to road damage: Middle Fork Road, Redwood Canyon Road, eastern end of South Fork Road.'}]",2024-11-01T22:37:00Z,,unknown,all-lanes-closed,estimated,estimated,estimated,estimated,28b4a76b-e3ee-565c-d61f-12f936fca152,17,Road Closures Related to Damage From Past Storm Events,44ada19c-0e53-4e96-2dd7-08d4c7ad36e2,incident,"['Middle Fork Road', 'Redwood Canyon Road', 'South Fork Road']",eastbound,"Re-opening dates unknown for these roads. Roads closed due to road damage: Middle Fork Road, Redwood Canyon Road, eastern end of South Fork Road.",,44ada19c-0e53-4e96-2dd7-08d4c7ad36e2,Sequoia & Kings Canyon National Parks,2023-07-11T05:13:31.289306Z,Sequoia & Kings Canyon National Parks,SEKI_Superintendent@nps.gov,
2026-05-17,False,False,False,False,"[{'incident_category': 'disaster', 'incident_type': 'flood-flash', 'description': 'Re-opening dates unknown for these roads. Roads closed due to road damage: Middle Fork Road, Redwood Canyon Road, eastern end of South Fork Road.'}, {'incident_category': 'winter', 'incident_type': 'snowfall', 'description': 'Re-opening dates unknown for these roads. Roads closed due to road damage: Middle Fork Road, Redwood Canyon Road, eastern end of South Fork Road.'}]",2024-11-01T22:37:00Z,,unknown,all-lanes-closed,estimated,estimated,estimated,estimated,712642d7-aef0-c45f-23c9-129b08ec2db0,18,Road Closures Related to Damage From Past Storm Events,44ada19c-0e53-4e96-2dd7-08d4c7ad36e2,incident,"['Middle Fork Road', 'Redwood Canyon Road', 'South Fork Road']",westbound,"Re-opening dates unknown for these roads. Roads closed due to road damage: Middle Fork Road, Redwood Canyon Road, eastern end of South Fork Road.",,44ada19c-0e53-4e96-2dd7-08d4c7ad36e2,Sequoia & Kings Canyon National Parks,2023-07-11T05:13:31.289306Z,Sequoia & Kings Canyon National Parks,SEKI_Superintendent@nps.gov,
2026-05-17,False,False,False,False,"[{'incident_category': 'winter', 'incident_type': 'snowfall', 'description': 'Re-opening dates unknown for these roads. Roads closed due to road damage: Middle Fork Road, Redwood Canyon Road, eastern end of South Fork Road.'}, {'incident_category': 'disaster', 'incident_type': 'flood-flash', 'description': 'Re-opening dates unknown for these roads. Roads closed due to road damage: Middle Fork Road, Redwood Canyon Road, eastern end of South Fork Road.'}]",2024-11-01T22:37:00Z,,unknown,all-lanes-closed,estimated,estimated,estimated,estimated,85cfb3a6-44d3-e468-d476-e751416aaab4,19,Road Closures Related to Damage From Past Storm Events,44ada19c-0e53-4e96-2dd7-08d4c7ad36e2,incident,"['Middle Fork Road', 'Redwood Canyon Road', 'South Fork Road']",southbound,"Re-opening dates unknown for these roads. Roads closed due to road damage: Middle Fork Road, Redwood Canyon Road, eastern end of South Fork Road.",,44ada19c-0e53-4e96-2dd7-08d4c7ad36e2,Sequoia & Kings Canyon National Parks,2023-07-11T05:13:31.289306Z,Sequoia & Kings Canyon National Parks,SEKI_Superintendent@nps.gov,
2026-05-17,False,False,False,False,"[{'incident_category': 'disaster', 'incident_type': 'flood-flash', 'description': 'Re-opening dates unknown for these roads. Roads closed due to road damage: Middle Fork Road, Redwood Canyon Road, eastern end of South Fork Road.'}, {'incident_category': 'winter', 'incident_type': 'snowfall', 'description': 'Re-opening dates unknown for these roads. Roads closed due to road damage: Middle Fork Road, Redwood Canyon Road, eastern end of South Fork Road.'}]",2024-11-01T22:37:00Z,,unknown,all-lanes-closed,estimated,estimated,estimated,estimated,93c75ba6-f79e-1ab0-a3da-12c31fd650e2,20,Road Closures Related to Damage From Past Storm Events,44ada19c-0e53-4e96-2dd7-08d4c7ad36e2,incident,"['Middle Fork Road', 'Redwood Canyon Road', 'South Fork Road']",westbound,"Re-opening dates unknown for these roads. Roads closed due to road damage: Middle Fork Road, Redwood Canyon Road, eastern end of South Fork Road.",,44ada19c-0e53-4e96-2dd7-08d4c7ad36e2,Sequoia & Kings Canyon National Parks,2023-07-11T05:13:31.289306Z,Sequoia & Kings Canyon National Parks,SEKI_Superintendent@nps.gov,
2026-05-17,False,False,False,False,"[{'incident_category': 'disaster', 'incident_type': 'flood-flash', 'description': 'Re-opening dates unknown for these roads. Roads closed due to road damage: Middle Fork Road, Redwood Canyon Road, eastern end of South Fork Road.'}, {'incident_category': 'winter', 'incident_type': 'snowfall', 'description': 'Re-opening dates unknown for these roads. Roads closed due to road damage: Middle Fork Road, Redwood Canyon Road, eastern end of South Fork Road.'}]",2024-11-01T22:37:00Z,,unknown,all-lanes-closed,estimated,estimated,estimated,estimated,a4876565-3eb6-3612-c1d2-30b2ffef9a2b,21,Road Closures Related to Damage From Past Storm Events,44ada19c-0e53-4e96-2dd7-08d4c7ad36e2,incident,"['Middle Fork Road', 'Redwood Canyon Road', 'South Fork Road']",westbound,"Re-opening dates unknown for these roads. Roads closed due to road damage: Middle Fork Road, Redwood Canyon Road, eastern end of South Fork Road.",,44ada19c-0e53-4e96-2dd7-08d4c7ad36e2,Sequoia & Kings Canyon National Parks,2023-07-11T05:13:31.289306Z,Sequoia & Kings Canyon National Parks,SEKI_Superintendent@nps.gov,
2026-05-17,False,False,False,False,"[{'incident_category': 'disaster', 'incident_type': 'flood-flash', 'description': 'Re-opening dates unknown for these roads. Roads closed due to road damage: Middle Fork Road, Redwood Canyon Road, eastern end of South Fork Road.'}, {'incident_category': 'winter', 'incident_type': 'snowfall', 'description': 'Re-opening dates unknown for these roads. Roads closed due to road damage: Middle Fork Road, Redwood Canyon Road, eastern end of South Fork Road.'}]",2024-11-01T22:37:00Z,,unknown,all-lanes-closed,estimated,estimated,estimated,estimated,b8e9394e-6791-b825-cb60-38e541725770,22,Road Closures Related to Damage From Past Storm Events,44ada19c-0e53-4e96-2dd7-08d4c7ad36e2,incident,"['Middle Fork Road', 'Redwood Canyon Road', 'South Fork Road']",eastbound,"Re-opening dates unknown for these roads. Roads closed due to road damage: Middle Fork Road, Redwood Canyon Road, eastern end of South Fork Road.",,44ada19c-0e53-4e96-2dd7-08d4c7ad36e2,Sequoia & Kings Canyon National Parks,2023-07-11T05:13:31.289306Z,Sequoia & Kings Canyon National Parks,SEKI_Superintendent@nps.gov,
2026-05-17,False,False,False,False,"[{'incident_category': 'disaster', 'incident_type': 'flood-flash', 'description': 'Re-opening dates unknown for these roads. Roads closed due to road damage: Middle Fork Road, Redwood Canyon Road, eastern end of South Fork Road.'}, {'incident_category': 'winter', 'incident_type': 'snowfall', 'description': 'Re-opening dates unknown for these roads. Roads closed due to road damage: Middle Fork Road, Redwood Canyon Road, eastern end of South Fork Road.'}]",2024-11-01T22:37:00Z,,unknown,all-lanes-closed,estimated,estimated,estimated,estimated,be2351dc-d6fd-ff14-c6d8-3e3b67bc3e01,23,Road Closures Related to Damage From Past Storm Events,44ada19c-0e53-4e96-2dd7-08d4c7ad36e2,incident,"['Middle Fork Road', 'Redwood Canyon Road', 'South Fork Road']",eastbound,"Re-opening dates unknown for these roads. Roads closed due to road damage: Middle Fork Road, Redwood Canyon Road, eastern end of South Fork Road.",,44ada19c-0e53-4e96-2dd7-08d4c7ad36e2,Sequoia & Kings Canyon National Parks,2023-07-11T05:13:31.289306Z,Sequoia & Kings Canyon National Parks,SEKI_Superintendent@nps.gov,
2026-05-17,False,False,False,False,"[{'incident_category': 'disaster', 'incident_type': 'flood-flash', 'description': 'Re-opening dates unknown for these roads. Roads closed due to road damage: Middle Fork Road, Redwood Canyon Road, eastern end of South Fork Road.'}, {'incident_category': 'winter', 'incident_type': 'snowfall', 'description': 'Re-opening dates unknown for these roads. Roads closed due to road damage: Middle Fork Road, Redwood Canyon Road, eastern end of South Fork Road.'}]",2024-11-01T22:37:00Z,,unknown,all-lanes-closed,estimated,estimated,estimated,estimated,be615eb3-a7eb-2fa8-5367-a9d9f7b15716,24,Road Closures Related to Damage From Past Storm Events,44ada19c-0e53-4e96-2dd7-08d4c7ad36e2,incident,"['Middle Fork Road', 'Redwood Canyon Road', 'South Fork Road']",northbound,"Re-opening dates unknown for these roads. Roads closed due to road damage: Middle Fork Road, Redwood Canyon Road, eastern end of South Fork Road.",,44ada19c-0e53-4e96-2dd7-08d4c7ad36e2,Sequoia & Kings Canyon National Parks,2023-07-11T05:13:31.289306Z,Sequoia & Kings Canyon National Parks,SEKI_Superintendent@nps.gov,
2026-05-17,False,False,False,False,"[{'incident_category': 'winter', 'incident_type': 'ice', 'description': 'These roads are closed for a portion of each year due to snow and/or ice conditions. They are not maintained during the closure. Check locally to see which roads may be open for cross-country skiing or snowshoeing.'}, {'incident_category': 'winter', 'incident_type': 'snowfall', 'description': 'These roads are closed for a portion of each year due to snow and/or ice conditions. They are not maintained during the closure. Check locally to see which roads may be open for cross-country skiing or snowshoeing.'}]",2025-11-14T08:00:00Z,2026-05-21T06:59:59Z,unknown,all-lanes-closed,estimated,estimated,estimated,estimated,31d9f964-c473-a794-6651-6b3abd290f95,25,Winter Seasonal Closures,44ada19c-0e53-4e96-2dd7-08d4c7ad36e2,incident,"['Mineral King Road', 'Panoramic Point Road']",eastbound,These roads are closed for a portion of each year due to snow and/or ice conditions. They are not maintained during the closure. Check locally to see which roads may be open for cross-country skiing or snowshoeing.,,44ada19c-0e53-4e96-2dd7-08d4c7ad36e2,Sequoia & Kings Canyon National Parks,2023-07-11T05:13:31.289306Z,Sequoia & Kings Canyon National Parks,SEKI_Superintendent@nps.gov,
2026-05-17,False,False,False,False,"[{'incident_category': 'winter', 'incident_type': 'snowfall', 'description': 'These roads are closed for a portion of each year due to snow and/or ice conditions. They are not maintained during the closure. Check locally to see which roads may be open for cross-country skiing or snowshoeing.'}, {'incident_category': 'winter', 'incident_type': 'ice', 'description': 'These roads are closed for a portion of each year due to snow and/or ice conditions. They are not maintained during the closure. Check locally to see which roads may be open for cross-country skiing or snowshoeing.'}]",2025-11-14T08:00:00Z,2026-05-21T06:59:59Z,unknown,all-lanes-closed,estimated,estimated,estimated,estimated,40e9b580-49eb-abcf-3f4e-709c7255db38,26,Winter Seasonal Closures,44ada19c-0e53-4e96-2dd7-08d4c7ad36e2,incident,"['Mineral King Road', 'Panoramic Point Road']",eastbound,These roads are closed for a portion of each year due to snow and/or ice conditions. They are not maintained during the closure. Check locally to see which roads may be open for cross-country skiing or snowshoeing.,,44ada19c-0e53-4e96-2dd7-08d4c7ad36e2,Sequoia & Kings Canyon National Parks,2023-07-11T05:13:31.289306Z,Sequoia & Kings Canyon National Parks,SEKI_Superintendent@nps.gov,
2026-05-17,False,False,False,False,"[{'incident_category': 'winter', 'incident_type': 'snowfall', 'description': 'These roads are closed for a portion of each year due to snow and/or ice conditions. They are not maintained during the closure. Check locally to see which roads may be open for cross-country skiing or snowshoeing.'}, {'incident_category': 'winter', 'incident_type': 'ice', 'description': 'These roads are closed for a portion of each year due to snow and/or ice conditions. They are not maintained during the closure. Check locally to see which roads may be open for cross-country skiing or snowshoeing.'}]",2025-11-14T08:00:00Z,2026-05-21T06:59:59Z,unknown,all-lanes-closed,estimated,estimated,estimated,estimated,884a2a46-432f-7a8b-a8de-06ceb9ce3854,27,Winter Seasonal Closures,44ada19c-0e53-4e96-2dd7-08d4c7ad36e2,incident,"['Mineral King Road', 'Panoramic Point Road']",eastbound,These roads are closed for a portion of each year due to snow and/or ice conditions. They are not maintained during the closure. Check locally to see which roads may be open for cross-country skiing or snowshoeing.,,44ada19c-0e53-4e96-2dd7-08d4c7ad36e2,Sequoia & Kings Canyon National Parks,2023-07-11T05:13:31.289306Z,Sequoia & Kings Canyon National Parks,SEKI_Superintendent@nps.gov,
2026-05-17,False,False,False,False,"[{'incident_category': 'winter', 'incident_type': 'snowfall', 'description': 'These roads are closed for a portion of each year due to snow and/or ice conditions. They are not maintained during the closure. Check locally to see which roads may be open for cross-country skiing or snowshoeing.'}, {'incident_category': 'winter', 'incident_type': 'ice', 'description': 'These roads are closed for a portion of each year due to snow and/or ice conditions. They are not maintained during the closure. Check locally to see which roads may be open for cross-country skiing or snowshoeing.'}]",2025-11-14T08:00:00Z,2026-05-21T06:59:59Z,unknown,all-lanes-closed,estimated,estimated,estimated,estimated,d8705853-2e3d-99f1-f8ca-e7c232d37901,28,Winter Seasonal Closures,44ada19c-0e53-4e96-2dd7-08d4c7ad36e2,incident,"['Mineral King Road', 'Panoramic Point Road']",westbound,These roads are closed for a portion of each year due to snow and/or ice conditions. They are not maintained during the closure. Check locally to see which roads may be open for cross-country skiing or snowshoeing.,,44ada19c-0e53-4e96-2dd7-08d4c7ad36e2,Sequoia & Kings Canyon National Parks,2023-07-11T05:13:31.289306Z,Sequoia & Kings Canyon National Parks,SEKI_Superintendent@nps.gov,
2026-05-17,False,False,False,False,"[{'incident_category': 'winter', 'incident_type': 'snowfall', 'description': 'These roads are closed for a portion of each year due to snow and/or ice conditions. They are not maintained during the closure. Check locally to see which roads may be open for cross-country skiing or snowshoeing.'}, {'incident_category': 'winter', 'incident_type': 'ice', 'description': 'These roads are closed for a portion of each year due to snow and/or ice conditions. They are not maintained during the closure. Check locally to see which roads may be open for cross-country skiing or snowshoeing.'}]",2025-11-14T08:00:00Z,2026-05-21T06:59:59Z,unknown,all-lanes-closed,estimated,estimated,estimated,estimated,e44b9add-bbf8-d7f8-3517-37c4e4304e3a,29,Winter Seasonal Closures,44ada19c-0e53-4e96-2dd7-08d4c7ad36e2,incident,"['Mineral King Road', 'Panoramic Point Road']",westbound,These roads are closed for a portion of each year due to snow and/or ice conditions. They are not maintained during the closure. Check locally to see which roads may be open for cross-country skiing or snowshoeing.,,44ada19c-0e53-4e96-2dd7-08d4c7ad36e2,Sequoia & Kings Canyon National Parks,2023-07-11T05:13:31.289306Z,Sequoia & Kings Canyon National Parks,SEKI_Superintendent@nps.gov,
2026-05-17,False,False,False,False,"[{'incident_category': 'winter', 'incident_type': 'ice', 'description': 'These roads are closed for a portion of each year due to snow and/or ice conditions. They are not maintained during the closure. Check locally to see which roads may be open for cross-country skiing or snowshoeing.'}, {'incident_category': 'winter', 'incident_type': 'snowfall', 'description': 'These roads are closed for a portion of each year due to snow and/or ice conditions. They are not maintained during the closure. Check locally to see which roads may be open for cross-country skiing or snowshoeing.'}]",2025-11-14T08:00:00Z,2026-05-21T06:59:59Z,unknown,all-lanes-closed,estimated,estimated,estimated,estimated,e8c2d31b-88c5-acbe-e19f-906cbe2f4a4c,30,Winter Seasonal Closures,44ada19c-0e53-4e96-2dd7-08d4c7ad36e2,incident,"['Mineral King Road', 'Panoramic Point Road']",westbound,These roads are closed for a portion of each year due to snow and/or ice conditions. They are not maintained during the closure. Check locally to see which roads may be open for cross-country skiing or snowshoeing.,,44ada19c-0e53-4e96-2dd7-08d4c7ad36e2,Sequoia & Kings Canyon National Parks,2023-07-11T05:13:31.289306Z,Sequoia & Kings Canyon National Parks,SEKI_Superintendent@nps.gov,
2026-05-17,False,False,False,False,,2026-04-16T07:00:00Z,2026-10-07T06:59:59Z,unknown,all-lanes-closed,estimated,estimated,estimated,estimated,683c9745-a641-0f25-919e-0b62690e1eb5,31,Hawk Creek Road Construction 2026,497ee9e3-e1c2-4307-2d19-08d4c7ad36e2,work-zone,['Hawk Creek Road'],westbound,"The Hawk Creek Campground and boat launch area will close to all public access starting April 16 through Oct. 6, with possible extension through Oct. 30 if needed.","[{'type_name': 'barrier-work'}, {'type_name': 'surface-work'}, {'type_name': 'painting'}]",497ee9e3-e1c2-4307-2d19-08d4c7ad36e2,Lake Roosevelt,2026-04-02T21:33:38.045474Z,Lake Roosevelt,laro_Superintendent@nps.gov,
2026-05-17,False,False,False,False,,2025-12-01T08:00:00Z,2027-01-02T07:59:59Z,unknown,all-lanes-closed,estimated,estimated,estimated,estimated,91bc9981-34ea-fc28-cc43-c7ecc3715405,32,SR165 Carbon River/Fairfax Bridge Closed,5678c152-a38a-4079-2d46-08d4c7ad36e2,work-zone,"['Carbon River Entrance', 'Mowich Lake Road']",westbound,"WSDOT has closed SR165 Carbon River Fairfax Bridge to all vehicles, pedestrian, & bicycle traffic until further notice. No access to Carbon River or Mowich Lake by road.","[{'type_name': 'roadway-relocation'}, {'type_name': 'below-road-work'}]",5678c152-a38a-4079-2d46-08d4c7ad36e2,Mount Rainier,2024-10-16T15:05:57.881512Z,Mount Rainier,MORA_Superintendent@nps.gov,
2026-05-17,False,False,False,False,,2025-12-01T08:00:00Z,2027-01-02T07:59:59Z,unknown,all-lanes-closed,estimated,estimated,estimated,estimated,bcfe8e38-d03a-b923-8cdb-099b8c0edbdd,33,SR165 Carbon River/Fairfax Bridge Closed,5678c152-a38a-4079-2d46-08d4c7ad36e2,work-zone,"['Carbon River Entrance', 'Mowich Lake Road']",eastbound,"WSDOT has closed SR165 Carbon River Fairfax Bridge to all vehicles, pedestrian, & bicycle traffic until further notice. No access to Carbon River or Mowich Lake by road.","[{'type_name': 'roadway-relocation'}, {'type_name': 'below-road-work'}]",5678c152-a38a-4079-2d46-08d4c7ad36e2,Mount Rainier,2024-10-16T15:05:57.881512Z,Mount Rainier,MORA_Superintendent@nps.gov,
2026-05-17,False,False,False,False,"[{'incident_category': 'special-event', 'incident_type': 'major', 'description': 'Road conditions have deteriorated to hazardous conditions. Road closed until further notice.'}]",2024-02-23T17:44:00Z,,unknown,all-lanes-closed,estimated,estimated,estimated,estimated,6e5e5803-7757-3992-a5d1-e3f9d6fd9430,34,South Woolum Road Closure,5ed0ce93-fb16-4f86-2c14-08d4c7ad36e2,incident,['South Woolum Road'],eastbound,Road conditions have deteriorated to hazardous conditions. Road closed until further notice.,,5ed0ce93-fb16-4f86-2c14-08d4c7ad36e2,Buffalo National River,2024-02-12T16:18:05.933206Z,Buffalo National River,BUFF_Superintendent@nps.gov,
2026-05-17,False,False,False,False,"[{'incident_category': 'special-event', 'incident_type': 'major', 'description': 'Road conditions have deteriorated to hazardous conditions. Road closed until further notice.'}]",2024-02-23T17:44:00Z,,unknown,all-lanes-closed,estimated,estimated,estimated,estimated,ec5212e8-c392-f241-ef6e-79275ccef898,35,South Woolum Road Closure,5ed0ce93-fb16-4f86-2c14-08d4c7ad36e2,incident,['South Woolum Road'],westbound,Road conditions have deteriorated to hazardous conditions. Road closed until further notice.,,5ed0ce93-fb16-4f86-2c14-08d4c7ad36e2,Buffalo National River,2024-02-12T16:18:05.933206Z,Buffalo National River,BUFF_Superintendent@nps.gov,
2026-05-17,False,False,False,False,,2026-01-15T06:00:00Z,2027-01-17T05:59:59Z,unknown,all-lanes-closed,estimated,estimated,estimated,estimated,ac16d246-28cb-8514-5961-54b15709b407,36,Dredging at Mansfield Channel; Mile 55-60 of South Beach Closed,68831cb3-8637-4de8-2d8b-08d4c7ad36e2,work-zone,"['South Beach', 'MM58 to MM60']",southbound,"Starting January 18, 2026, access to the beach between Mile Markers 55 and 60 will be restricted as the US Army Corps of Engineers dredge the Mansfield Channel and place the dredged materials on land. ",[{'type_name': 'maintenance'}],68831cb3-8637-4de8-2d8b-08d4c7ad36e2,Padre Island National Seashore,2023-11-22T18:08:21.325183Z,Padre Island National Seashore,PAIS_Superintendent@nps.gov,
2026-05-17,False,False,False,False,,2026-01-15T06:00:00Z,2027-01-17T05:59:59Z,unknown,all-lanes-closed,estimated,estimated,estimated,estimated,e01d0048-9299-e60d-f379-fb4c30a255d5,37,Dredging at Mansfield Channel; Mile 55-60 of South Beach Closed,68831cb3-8637-4de8-2d8b-08d4c7ad36e2,work-zone,"['South Beach', 'MM58 to MM60']",northbound,"Starting January 18, 2026, access to the beach between Mile Markers 55 and 60 will be restricted as the US Army Corps of Engineers dredge the Mansfield Channel and place the dredged materials on land. ",[{'type_name': 'maintenance'}],68831cb3-8637-4de8-2d8b-08d4c7ad36e2,Padre Island National Seashore,2023-11-22T18:08:21.325183Z,Padre Island National Seashore,PAIS_Superintendent@nps.gov,
2026-05-17,False,False,False,False,,2026-05-01T04:00:00Z,2026-05-19T03:59:59Z,unknown,all-lanes-closed,estimated,estimated,estimated,estimated,ea40ef9b-8ff3-fd7c-17f5-1146912f97b3,38,Cadillac Summit West Parking Lot,78c13b90-565d-4167-2bd3-08d4c7ad36e2,work-zone,['Cadillac Summit West Parking Lot'],southbound,"Half of the spaces the Cadillac Summit West Parking Lot, also known as Blue Hill Overlook, will be closed for construction from May 1 to June 18.",[{'type_name': 'roadside-work'}],78c13b90-565d-4167-2bd3-08d4c7ad36e2,Acadia National Park,2023-09-29T16:50:50.496436Z,Acadia National Park,ACAD_Superintendent@nps.gov,
2026-05-17,False,False,False,False,,2026-05-01T04:00:00Z,2026-05-19T03:59:59Z,unknown,all-lanes-closed,estimated,estimated,estimated,estimated,ff61612c-1d99-95eb-7e9c-c6959716bc3b,39,Cadillac Summit West Parking Lot,78c13b90-565d-4167-2bd3-08d4c7ad36e2,work-zone,['Cadillac Summit West Parking Lot'],northbound,"Half of the spaces the Cadillac Summit West Parking Lot, also known as Blue Hill Overlook, will be closed for construction from May 1 to June 18.",[{'type_name': 'roadside-work'}],78c13b90-565d-4167-2bd3-08d4c7ad36e2,Acadia National Park,2023-09-29T16:50:50.496436Z,Acadia National Park,ACAD_Superintendent@nps.gov,
2026-05-17,False,False,False,False,,2026-04-13T04:00:00Z,2026-06-13T03:59:59Z,unknown,all-lanes-closed,estimated,estimated,estimated,estimated,cd4fe445-92b0-4845-d51f-8d4555fd2d95,40,Park Loop Road Detour,78c13b90-565d-4167-2bd3-08d4c7ad36e2,work-zone,"['Park Loop Road', 'Kebo Street', 'Mount Desert Street', 'Main Street', 'Sieur de Monts']",westbound,"The Park Loop Road, from Kebo Street to Sieur de Monts, is closed to all uses from April 13 to June 12, excluding Memorial Day Weekend. Detour to Mount Desert Street and Main Street following Route 3 to re-enter the Park Loop Road at Sieur de Monts.",[{'type_name': 'below-road-work'}],78c13b90-565d-4167-2bd3-08d4c7ad36e2,Acadia National Park,2023-09-29T16:50:50.496436Z,Acadia National Park,ACAD_Superintendent@nps.gov,
2026-05-17,False,False,False,False,,2021-01-01T15:28:00Z,2026-12-31T15:28:00Z,unknown,all-lanes-closed,estimated,estimated,estimated,estimated,b6d3e9fa-43a2-f39b-0ef0-3b4c1cd505c1,41,Akers Ferry Closure,8138990c-9d3f-4856-2d87-08d4c7ad36e2,work-zone,['State Highway K'],southbound,The Akers Ferry on State Highway K will be out of service until further notice.,,8138990c-9d3f-4856-2d87-08d4c7ad36e2,Ozark National Scenic Riverways,2024-03-05T15:31:31.090197Z,Ozark National Scenic Riverways,OZAR_Superintendent@nps.gov,
2026-05-17,False,False,False,False,,2021-01-01T15:28:00Z,2026-12-31T15:28:00Z,unknown,all-lanes-closed,estimated,estimated,estimated,estimated,f2ad30cc-ebc7-a070-50e5-a7289c8b79b3,42,Akers Ferry Closure,8138990c-9d3f-4856-2d87-08d4c7ad36e2,work-zone,['State Highway K'],northbound,The Akers Ferry on State Highway K will be out of service until further notice.,,8138990c-9d3f-4856-2d87-08d4c7ad36e2,Ozark National Scenic Riverways,2024-03-05T15:31:31.090197Z,Ozark National Scenic Riverways,OZAR_Superintendent@nps.gov,
2026-05-17,False,False,False,False,,2026-05-18T04:00:00Z,2026-06-27T03:59:59Z,unknown,all-lanes-closed,estimated,estimated,estimated,estimated,323d1147-8cf2-b2a5-b100-cb95f10685a1,43,Washington Blvd/Boundary Channel Dr Ramps Closed,85c6606e-5aed-407e-2cc9-08d4c7ad36e2,work-zone,['Washington Blvd/Boundary Channel Dr Ramps'],northbound,"Beginning Monday, May 18 and continuing until Friday, June 26, the ramps to and from Southbound Washington Blvd and Boundary Channel Dr will be closed Monday through Friday, from 6:30 p.m. to 5:30 a.m. for construction work.",[{'type_name': 'barrier-work'}],85c6606e-5aed-407e-2cc9-08d4c7ad36e2,George Washington Memorial Parkway,2023-07-11T17:40:39.263619Z,George Washington Memorial Parkway,GWMP_Superintendent@nps.gov,
2026-05-17,False,False,False,False,,2026-05-18T04:00:00Z,2026-06-27T03:59:59Z,unknown,all-lanes-closed,estimated,estimated,estimated,estimated,c12e0bf3-d898-c5d8-b2ef-08ec088f5524,44,Washington Blvd/Boundary Channel Dr Ramps Closed,85c6606e-5aed-407e-2cc9-08d4c7ad36e2,work-zone,['Washington Blvd/Boundary Channel Dr Ramps'],northbound,"Beginning Monday, May 18 and continuing until Friday, June 26, the ramps to and from Southbound Washington Blvd and Boundary Channel Dr will be closed Monday through Friday, from 6:30 p.m. to 5:30 a.m. for construction work.",[{'type_name': 'barrier-work'}],85c6606e-5aed-407e-2cc9-08d4c7ad36e2,George Washington Memorial Parkway,2023-07-11T17:40:39.263619Z,George Washington Memorial Parkway,GWMP_Superintendent@nps.gov,
2026-05-17,False,False,False,False,,2026-05-18T04:00:00Z,2026-06-27T03:59:59Z,unknown,all-lanes-closed,estimated,estimated,estimated,estimated,cafe4494-8cce-b024-33bf-6db9a92c6923,45,Washington Blvd/Boundary Channel Dr Ramps Closed,85c6606e-5aed-407e-2cc9-08d4c7ad36e2,work-zone,['Washington Blvd/Boundary Channel Dr Ramps'],southbound,"Beginning Monday, May 18 and continuing until Friday, June 26, the ramps to and from Southbound Washington Blvd and Boundary Channel Dr will be closed Monday through Friday, from 6:30 p.m. to 5:30 a.m. for construction work.",[{'type_name': 'barrier-work'}],85c6606e-5aed-407e-2cc9-08d4c7ad36e2,George Washington Memorial Parkway,2023-07-11T17:40:39.263619Z,George Washington Memorial Parkway,GWMP_Superintendent@nps.gov,
2026-05-17,False,False,False,False,,2026-05-18T04:00:00Z,2026-06-27T03:59:59Z,unknown,all-lanes-closed,estimated,estimated,estimated,estimated,e63a8d18-93d0-b5e0-f808-ba9091088b47,46,Washington Blvd/Boundary Channel Dr Ramps Closed,85c6606e-5aed-407e-2cc9-08d4c7ad36e2,work-zone,['Washington Blvd/Boundary Channel Dr Ramps'],southbound,"Beginning Monday, May 18 and continuing until Friday, June 26, the ramps to and from Southbound Washington Blvd and Boundary Channel Dr will be closed Monday through Friday, from 6:30 p.m. to 5:30 a.m. for construction work.",[{'type_name': 'barrier-work'}],85c6606e-5aed-407e-2cc9-08d4c7ad36e2,George Washington Memorial Parkway,2023-07-11T17:40:39.263619Z,George Washington Memorial Parkway,GWMP_Superintendent@nps.gov,
2026-05-17,False,False,False,False,,2026-04-30T06:00:00Z,2026-12-01T06:59:59Z,unknown,all-lanes-closed,estimated,estimated,estimated,estimated,26c1e289-2403-1fab-1ce2-9fcf920ccd94,47,Beaver Creek Road Closure,96c1bbaf-ea25-4897-2e27-08d4c7ad36e2,work-zone,"['Beaver Creek Road', 'Forest Service Road 391']",eastbound,"Beaver Creek Road, also known as Forest Service Road 391, will close May 4 while a new cattle guard is installed on the Wind Cave National Park boundary",[{'type_name': 'barrier-work'}],96c1bbaf-ea25-4897-2e27-08d4c7ad36e2,Wind Cave,2025-12-18T17:18:15.694536Z,Wind Cave,wica_Superintendent@nps.gov,
2026-05-17,False,False,False,False,,2026-04-30T06:00:00Z,2026-12-01T06:59:59Z,unknown,all-lanes-closed,estimated,estimated,estimated,estimated,8ac02fec-5722-d89b-b99d-53fce554edd4,48,Beaver Creek Road Closure,96c1bbaf-ea25-4897-2e27-08d4c7ad36e2,work-zone,"['Beaver Creek Road', 'Forest Service Road 391']",westbound,"Beaver Creek Road, also known as Forest Service Road 391, will close May 4 while a new cattle guard is installed on the Wind Cave National Park boundary",[{'type_name': 'barrier-work'}],96c1bbaf-ea25-4897-2e27-08d4c7ad36e2,Wind Cave,2025-12-18T17:18:15.694536Z,Wind Cave,wica_Superintendent@nps.gov,
2026-05-17,False,False,False,False,"[{'incident_category': 'disaster', 'incident_type': 'flood-flash', 'description': 'Road closed due to severe flood damage.'}]",2023-02-01T21:20:00Z,,unknown,all-lanes-closed,estimated,estimated,estimated,estimated,1e9c7870-4b22-c152-9dab-4cfdb275e5d6,49,Williams Ranch Road Closure,a44eadde-41ec-4499-2cc7-08d4c7ad36e2,incident,['Williams Ranch Rd.'],northbound,Road closed due to severe flood damage.,,a44eadde-41ec-4499-2cc7-08d4c7ad36e2,Guadalupe Mountains National Park,2024-02-01T22:37:14.353738Z,Guadalupe Mountains National Park,GUMO_Superintendent@nps.gov,
2026-05-17,False,False,False,False,"[{'incident_category': 'disaster', 'incident_type': 'flood-flash', 'description': 'Road closed due to severe flood damage.'}]",2023-02-01T21:20:00Z,,unknown,all-lanes-closed,estimated,estimated,estimated,estimated,52b4e687-6af4-f148-e060-3151c4696f46,50,Williams Ranch Road Closure,a44eadde-41ec-4499-2cc7-08d4c7ad36e2,incident,['Williams Ranch Rd.'],southbound,Road closed due to severe flood damage.,,a44eadde-41ec-4499-2cc7-08d4c7ad36e2,Guadalupe Mountains National Park,2024-02-01T22:37:14.353738Z,Guadalupe Mountains National Park,GUMO_Superintendent@nps.gov,
2026-05-17,False,False,False,False,,2025-12-11T05:00:00Z,,unknown,all-lanes-closed,estimated,estimated,estimated,estimated,026fba31-169c-b8c7-60df-875ac37064b9,51,Eastern Front Tour Road south of Route 36 - Closed,a73d3413-90d3-42aa-2d91-08d4c7ad36e2,incident,['Eastern Front Tour Road (Siege Road)'],eastbound,The Eastern Front Tour Road south of Route 36 is closed to all vehicles due to a sinkhole near Harrison Creek (stop 4). Walkers and bicyclist are allowed to use the road. Use caution in the Harrison Creek area,,a73d3413-90d3-42aa-2d91-08d4c7ad36e2,Petersburg,2025-09-10T16:04:42.250252Z,Petersburg,pete_Superintendent@nps.gov,
2026-05-17,False,False,False,False,,2025-12-11T05:00:00Z,,unknown,all-lanes-closed,estimated,estimated,estimated,estimated,0a47fc29-7c90-7644-172a-51d5c03844fe,52,Eastern Front Tour Road south of Route 36 - Closed,a73d3413-90d3-42aa-2d91-08d4c7ad36e2,incident,['Eastern Front Tour Road (Siege Road)'],northbound,The Eastern Front Tour Road south of Route 36 is closed to all vehicles due to a sinkhole near Harrison Creek (stop 4). Walkers and bicyclist are allowed to use the road. Use caution in the Harrison Creek area,,a73d3413-90d3-42aa-2d91-08d4c7ad36e2,Petersburg,2025-09-10T16:04:42.250252Z,Petersburg,pete_Superintendent@nps.gov,
2026-05-17,False,False,False,False,,2025-12-11T05:00:00Z,,unknown,all-lanes-closed,estimated,estimated,estimated,estimated,14eb4396-18bb-f697-8723-5c20eeb8ec60,53,Eastern Front Tour Road south of Route 36 - Closed,a73d3413-90d3-42aa-2d91-08d4c7ad36e2,incident,['Eastern Front Tour Road (Siege Road)'],southbound,The Eastern Front Tour Road south of Route 36 is closed to all vehicles due to a sinkhole near Harrison Creek (stop 4). Walkers and bicyclist are allowed to use the road. Use caution in the Harrison Creek area,,a73d3413-90d3-42aa-2d91-08d4c7ad36e2,Petersburg,2025-09-10T16:04:42.250252Z,Petersburg,pete_Superintendent@nps.gov,
2026-05-17,False,False,False,False,,2025-12-11T05:00:00Z,,unknown,all-lanes-closed,estimated,estimated,estimated,estimated,1b655006-aca5-455d-ec4e-e8fa09ffa26f,54,Eastern Front Tour Road south of Route 36 - Closed,a73d3413-90d3-42aa-2d91-08d4c7ad36e2,incident,['Eastern Front Tour Road (Siege Road)'],southbound,The Eastern Front Tour Road south of Route 36 is closed to all vehicles due to a sinkhole near Harrison Creek (stop 4). Walkers and bicyclist are allowed to use the road. Use caution in the Harrison Creek area,,a73d3413-90d3-42aa-2d91-08d4c7ad36e2,Petersburg,2025-09-10T16:04:42.250252Z,Petersburg,pete_Superintendent@nps.gov,
2026-05-17,False,False,False,False,,2025-12-11T05:00:00Z,,unknown,all-lanes-closed,estimated,estimated,estimated,estimated,1d74a37f-48ec-2548-3d03-125e59002285,55,Eastern Front Tour Road south of Route 36 - Closed,a73d3413-90d3-42aa-2d91-08d4c7ad36e2,incident,['Eastern Front Tour Road (Siege Road)'],eastbound,The Eastern Front Tour Road south of Route 36 is closed to all vehicles due to a sinkhole near Harrison Creek (stop 4). Walkers and bicyclist are allowed to use the road. Use caution in the Harrison Creek area,,a73d3413-90d3-42aa-2d91-08d4c7ad36e2,Petersburg,2025-09-10T16:04:42.250252Z,Petersburg,pete_Superintendent@nps.gov,
2026-05-17,False,False,False,False,,2025-12-11T05:00:00Z,,unknown,all-lanes-closed,estimated,estimated,estimated,estimated,29fd95af-0275-700a-9c97-7172021a7088,56,Eastern Front Tour Road south of Route 36 - Closed,a73d3413-90d3-42aa-2d91-08d4c7ad36e2,incident,['Eastern Front Tour Road (Siege Road)'],northbound,The Eastern Front Tour Road south of Route 36 is closed to all vehicles due to a sinkhole near Harrison Creek (stop 4). Walkers and bicyclist are allowed to use the road. Use caution in the Harrison Creek area,,a73d3413-90d3-42aa-2d91-08d4c7ad36e2,Petersburg,2025-09-10T16:04:42.250252Z,Petersburg,pete_Superintendent@nps.gov,
2026-05-17,False,False,False,False,,2025-12-11T05:00:00Z,,unknown,all-lanes-closed,estimated,estimated,estimated,estimated,362861af-2cb9-d0e9-da8b-64c76f5326f6,57,Eastern Front Tour Road south of Route 36 - Closed,a73d3413-90d3-42aa-2d91-08d4c7ad36e2,incident,['Eastern Front Tour Road (Siege Road)'],westbound,The Eastern Front Tour Road south of Route 36 is closed to all vehicles due to a sinkhole near Harrison Creek (stop 4). Walkers and bicyclist are allowed to use the road. Use caution in the Harrison Creek area,,a73d3413-90d3-42aa-2d91-08d4c7ad36e2,Petersburg,2025-09-10T16:04:42.250252Z,Petersburg,pete_Superintendent@nps.gov,
2026-05-17,False,False,False,False,,2025-12-11T05:00:00Z,,unknown,all-lanes-closed,estimated,estimated,estimated,estimated,6caec84e-ba3a-8806-28df-6144997f9c34,58,Eastern Front Tour Road south of Route 36 - Closed,a73d3413-90d3-42aa-2d91-08d4c7ad36e2,incident,['Eastern Front Tour Road (Siege Road)'],southbound,The Eastern Front Tour Road south of Route 36 is closed to all vehicles due to a sinkhole near Harrison Creek (stop 4). Walkers and bicyclist are allowed to use the road. Use caution in the Harrison Creek area,,a73d3413-90d3-42aa-2d91-08d4c7ad36e2,Petersburg,2025-09-10T16:04:42.250252Z,Petersburg,pete_Superintendent@nps.gov,
2026-05-17,False,False,False,False,,2025-12-11T05:00:00Z,,unknown,all-lanes-closed,estimated,estimated,estimated,estimated,6e9b395e-59ff-67f8-6763-00b524f32f65,59,Eastern Front Tour Road south of Route 36 - Closed,a73d3413-90d3-42aa-2d91-08d4c7ad36e2,incident,['Eastern Front Tour Road (Siege Road)'],westbound,The Eastern Front Tour Road south of Route 36 is closed to all vehicles due to a sinkhole near Harrison Creek (stop 4). Walkers and bicyclist are allowed to use the road. Use caution in the Harrison Creek area,,a73d3413-90d3-42aa-2d91-08d4c7ad36e2,Petersburg,2025-09-10T16:04:42.250252Z,Petersburg,pete_Superintendent@nps.gov,
2026-05-17,False,False,False,False,,2025-12-11T05:00:00Z,,unknown,all-lanes-closed,estimated,estimated,estimated,estimated,893ad9e3-9ecc-35a9-869a-6cf516ec69dd,60,Eastern Front Tour Road south of Route 36 - Closed,a73d3413-90d3-42aa-2d91-08d4c7ad36e2,incident,['Eastern Front Tour Road (Siege Road)'],westbound,The Eastern Front Tour Road south of Route 36 is closed to all vehicles due to a sinkhole near Harrison Creek (stop 4). Walkers and bicyclist are allowed to use the road. Use caution in the Harrison Creek area,,a73d3413-90d3-42aa-2d91-08d4c7ad36e2,Petersburg,2025-09-10T16:04:42.250252Z,Petersburg,pete_Superintendent@nps.gov,
2026-05-17,False,False,False,False,,2025-12-11T05:00:00Z,,unknown,all-lanes-closed,estimated,estimated,estimated,estimated,8d96feaa-1bae-fa50-d72c-78b8039663d1,61,Eastern Front Tour Road south of Route 36 - Closed,a73d3413-90d3-42aa-2d91-08d4c7ad36e2,incident,['Eastern Front Tour Road (Siege Road)'],eastbound,The Eastern Front Tour Road south of Route 36 is closed to all vehicles due to a sinkhole near Harrison Creek (stop 4). Walkers and bicyclist are allowed to use the road. Use caution in the Harrison Creek area,,a73d3413-90d3-42aa-2d91-08d4c7ad36e2,Petersburg,2025-09-10T16:04:42.250252Z,Petersburg,pete_Superintendent@nps.gov,
2026-05-17,False,False,False,False,,2025-12-11T05:00:00Z,,unknown,all-lanes-closed,estimated,estimated,estimated,estimated,949988d7-38d4-d812-e5e7-470239cfdbe0,62,Eastern Front Tour Road south of Route 36 - Closed,a73d3413-90d3-42aa-2d91-08d4c7ad36e2,incident,['Eastern Front Tour Road (Siege Road)'],westbound,The Eastern Front Tour Road south of Route 36 is closed to all vehicles due to a sinkhole near Harrison Creek (stop 4). Walkers and bicyclist are allowed to use the road. Use caution in the Harrison Creek area,,a73d3413-90d3-42aa-2d91-08d4c7ad36e2,Petersburg,2025-09-10T16:04:42.250252Z,Petersburg,pete_Superintendent@nps.gov,
2026-05-17,False,False,False,False,,2025-12-11T05:00:00Z,,unknown,all-lanes-closed,estimated,estimated,estimated,estimated,970f5bcb-ca04-51d5-bd8e-e71d942dd1b6,63,Eastern Front Tour Road south of Route 36 - Closed,a73d3413-90d3-42aa-2d91-08d4c7ad36e2,incident,['Eastern Front Tour Road (Siege Road)'],eastbound,The Eastern Front Tour Road south of Route 36 is closed to all vehicles due to a sinkhole near Harrison Creek (stop 4). Walkers and bicyclist are allowed to use the road. Use caution in the Harrison Creek area,,a73d3413-90d3-42aa-2d91-08d4c7ad36e2,Petersburg,2025-09-10T16:04:42.250252Z,Petersburg,pete_Superintendent@nps.gov,
2026-05-17,False,False,False,False,,2025-12-11T05:00:00Z,,unknown,all-lanes-closed,estimated,estimated,estimated,estimated,9c606a87-c298-2546-e9d2-50baa265b653,64,Eastern Front Tour Road south of Route 36 - Closed,a73d3413-90d3-42aa-2d91-08d4c7ad36e2,incident,['Eastern Front Tour Road (Siege Road)'],southbound,The Eastern Front Tour Road south of Route 36 is closed to all vehicles due to a sinkhole near Harrison Creek (stop 4). Walkers and bicyclist are allowed to use the road. Use caution in the Harrison Creek area,,a73d3413-90d3-42aa-2d91-08d4c7ad36e2,Petersburg,2025-09-10T16:04:42.250252Z,Petersburg,pete_Superintendent@nps.gov,
2026-05-17,False,False,False,False,,2025-12-11T05:00:00Z,,unknown,all-lanes-closed,estimated,estimated,estimated,estimated,b9533db0-684e-1459-f1ea-c568ae1b495f,65,Eastern Front Tour Road south of Route 36 - Closed,a73d3413-90d3-42aa-2d91-08d4c7ad36e2,incident,['Eastern Front Tour Road (Siege Road)'],northbound,The Eastern Front Tour Road south of Route 36 is closed to all vehicles due to a sinkhole near Harrison Creek (stop 4). Walkers and bicyclist are allowed to use the road. Use caution in the Harrison Creek area,,a73d3413-90d3-42aa-2d91-08d4c7ad36e2,Petersburg,2025-09-10T16:04:42.250252Z,Petersburg,pete_Superintendent@nps.gov,
2026-05-17,False,False,False,False,,2025-12-11T05:00:00Z,,unknown,all-lanes-closed,estimated,estimated,estimated,estimated,fb573f90-fc3f-7410-9c49-c43ee26daf78,66,Eastern Front Tour Road south of Route 36 - Closed,a73d3413-90d3-42aa-2d91-08d4c7ad36e2,incident,['Eastern Front Tour Road (Siege Road)'],northbound,The Eastern Front Tour Road south of Route 36 is closed to all vehicles due to a sinkhole near Harrison Creek (stop 4). Walkers and bicyclist are allowed to use the road. Use caution in the Harrison Creek area,,a73d3413-90d3-42aa-2d91-08d4c7ad36e2,Petersburg,2025-09-10T16:04:42.250252Z,Petersburg,pete_Superintendent@nps.gov,
2026-05-17,False,False,False,False,"[{'incident_category': 'crash', 'incident_type': 'incident', 'description': 'Old 284 is closed from Cataloochee Creek to Cataloochee Valley due to bridge damage.'}]",2025-07-02T18:00:00Z,,unknown,all-lanes-open,estimated,estimated,estimated,estimated,68ef8c38-d8d8-908f-51ea-09ea3e4352cb,67,Old 284 closed to all traffic near Cataloochee,aa43d898-6fea-4d90-2cc1-08d4c7ad36e2,incident,['Old 284'],northbound,Old 284 is closed from Cataloochee Creek to Cataloochee Valley due to bridge damage.,,aa43d898-6fea-4d90-2cc1-08d4c7ad36e2,Great Smoky Mountains National Park,2024-02-08T16:39:15.518939Z,Great Smoky Mountains National Park,GRSM_Superintendent@nps.gov,
2026-05-17,False,False,False,False,"[{'incident_category': 'wind', 'incident_type': 'gusts', 'description': 'Straight Fork and Balsam Mtn Road closed.'}]",2025-05-13T04:00:00Z,,unknown,all-lanes-closed,estimated,estimated,estimated,estimated,1805c926-a6a2-37a8-4377-4952c16afe44,68,Road Closed,aa43d898-6fea-4d90-2cc1-08d4c7ad36e2,incident,['Straight Fork and Balsam Mtn Road Closed'],southbound,Straight Fork and Balsam Mtn Road closed.,,aa43d898-6fea-4d90-2cc1-08d4c7ad36e2,Great Smoky Mountains National Park,2024-02-08T16:39:15.518939Z,Great Smoky Mountains National Park,GRSM_Superintendent@nps.gov,
2026-05-17,False,False,False,False,"[{'incident_category': 'wind', 'incident_type': 'gusts', 'description': 'Straight Fork and Balsam Mtn Road closed.'}]",2025-05-13T04:00:00Z,,unknown,all-lanes-closed,estimated,estimated,estimated,estimated,5de661d5-b2cc-8a39-4403-a4b314656192,69,Road Closed,aa43d898-6fea-4d90-2cc1-08d4c7ad36e2,incident,['Straight Fork and Balsam Mtn Road Closed'],southbound,Straight Fork and Balsam Mtn Road closed.,,aa43d898-6fea-4d90-2cc1-08d4c7ad36e2,Great Smoky Mountains National Park,2024-02-08T16:39:15.518939Z,Great Smoky Mountains National Park,GRSM_Superintendent@nps.gov,
2026-05-17,False,False,False,False,"[{'incident_category': 'wind', 'incident_type': 'gusts', 'description': 'Straight Fork and Balsam Mtn Road closed.'}]",2025-05-13T04:00:00Z,,unknown,all-lanes-closed,estimated,estimated,estimated,estimated,942ad454-70ab-e0af-981a-060fd002f978,70,Road Closed,aa43d898-6fea-4d90-2cc1-08d4c7ad36e2,incident,['Straight Fork and Balsam Mtn Road Closed'],northbound,Straight Fork and Balsam Mtn Road closed.,,aa43d898-6fea-4d90-2cc1-08d4c7ad36e2,Great Smoky Mountains National Park,2024-02-08T16:39:15.518939Z,Great Smoky Mountains National Park,GRSM_Superintendent@nps.gov,
2026-05-17,False,False,False,False,"[{'incident_category': 'wind', 'incident_type': 'gusts', 'description': 'Straight Fork and Balsam Mtn Road closed.'}]",2025-05-13T04:00:00Z,,unknown,all-lanes-closed,estimated,estimated,estimated,estimated,dde4a871-48c5-e295-1f0e-56b3f562738f,71,Road Closed,aa43d898-6fea-4d90-2cc1-08d4c7ad36e2,incident,['Straight Fork and Balsam Mtn Road Closed'],northbound,Straight Fork and Balsam Mtn Road closed.,,aa43d898-6fea-4d90-2cc1-08d4c7ad36e2,Great Smoky Mountains National Park,2024-02-08T16:39:15.518939Z,Great Smoky Mountains National Park,GRSM_Superintendent@nps.gov,
2026-05-17,False,False,False,False,"[{'incident_category': 'winter', 'incident_type': 'ice', 'description': 'Closed for the season.'}]",2026-03-06T05:00:00Z,,unknown,all-lanes-closed,estimated,estimated,estimated,estimated,1f7c0456-23dc-1e31-2880-2074db81e930,72,Seasonal road closures,aa43d898-6fea-4d90-2cc1-08d4c7ad36e2,incident,"['Heintooga Ridge Road', '']",southbound,Closed for the season.,,aa43d898-6fea-4d90-2cc1-08d4c7ad36e2,Great Smoky Mountains National Park,2024-02-08T16:39:15.518939Z,Great Smoky Mountains National Park,GRSM_Superintendent@nps.gov,
2026-05-17,False,False,False,False,"[{'incident_category': 'winter', 'incident_type': 'ice', 'description': 'Closed for the season.'}]",2026-03-06T05:00:00Z,,unknown,all-lanes-closed,estimated,estimated,estimated,estimated,373e6191-0cf8-7c28-50fd-e7f5c6e811a1,73,Seasonal road closures,aa43d898-6fea-4d90-2cc1-08d4c7ad36e2,incident,"['Heintooga Ridge Road', '']",southbound,Closed for the season.,,aa43d898-6fea-4d90-2cc1-08d4c7ad36e2,Great Smoky Mountains National Park,2024-02-08T16:39:15.518939Z,Great Smoky Mountains National Park,GRSM_Superintendent@nps.gov,
2026-05-17,False,False,False,False,"[{'incident_category': 'winter', 'incident_type': 'ice', 'description': 'Closed for the season.'}]",2026-03-06T05:00:00Z,,unknown,all-lanes-closed,estimated,estimated,estimated,estimated,68f8f690-c63d-2422-8b08-90e854d06604,74,Seasonal road closures,aa43d898-6fea-4d90-2cc1-08d4c7ad36e2,incident,"['Heintooga Ridge Road', '']",northbound,Closed for the season.,,aa43d898-6fea-4d90-2cc1-08d4c7ad36e2,Great Smoky Mountains National Park,2024-02-08T16:39:15.518939Z,Great Smoky Mountains National Park,GRSM_Superintendent@nps.gov,
2026-05-17,False,False,False,False,"[{'incident_category': 'winter', 'incident_type': 'ice', 'description': 'Closed for the season.'}]",2026-03-06T05:00:00Z,,unknown,all-lanes-closed,estimated,estimated,estimated,estimated,6aa9fae9-4916-9b97-0745-cf0019a02922,75,Seasonal road closures,aa43d898-6fea-4d90-2cc1-08d4c7ad36e2,incident,"['Heintooga Ridge Road', '']",northbound,Closed for the season.,,aa43d898-6fea-4d90-2cc1-08d4c7ad36e2,Great Smoky Mountains National Park,2024-02-08T16:39:15.518939Z,Great Smoky Mountains National Park,GRSM_Superintendent@nps.gov,
2026-05-17,False,False,False,False,,2026-04-01T06:00:00Z,2026-11-01T05:59:59Z,unknown,alternating-one-way,estimated,estimated,estimated,estimated,36856bd9-bccd-34b6-452c-4384c3dc9277,76,Traffic Delays - Gardner River High Bridge,aff55cd7-4a32-46dd-2e35-08d4c7ad36e2,work-zone,[],westbound,"Expect a single lane of traffic with up to 15-minute delays, 24 hours a day, seven days a week, from April 1 through late October 2026. No oversized/overweight vehicles (8'6""+ wide, 75'+ long, 80,000 lbs+ gross vehicle weight) will be able to cross.",[{'type_name': 'barrier-work'}],aff55cd7-4a32-46dd-2e35-08d4c7ad36e2,Yellowstone National Park,2023-07-11T16:58:05.597353Z,Yellowstone National Park,YELL_Superintendent@nps.gov,
2026-05-17,False,False,False,False,,2026-04-01T06:00:00Z,2026-11-01T05:59:59Z,unknown,alternating-one-way,estimated,estimated,estimated,estimated,f15141d8-695c-ef76-0e74-804b56bba982,77,Traffic Delays - Gardner River High Bridge,aff55cd7-4a32-46dd-2e35-08d4c7ad36e2,work-zone,[],eastbound,"Expect a single lane of traffic with up to 15-minute delays, 24 hours a day, seven days a week, from April 1 through late October 2026. No oversized/overweight vehicles (8'6""+ wide, 75'+ long, 80,000 lbs+ gross vehicle weight) will be able to cross.",[{'type_name': 'barrier-work'}],aff55cd7-4a32-46dd-2e35-08d4c7ad36e2,Yellowstone National Park,2023-07-11T16:58:05.597353Z,Yellowstone National Park,YELL_Superintendent@nps.gov,
2026-05-17,False,False,False,False,,2025-05-12T04:00:00Z,2026-06-01T03:59:59Z,unknown,all-lanes-closed,estimated,estimated,estimated,estimated,7176be32-16d9-811d-23f0-d4a96ae88744,78,Dingmans Falls Road Bridge Replacement,c8a6b124-d7a0-49fd-2c61-08d4c7ad36e2,work-zone,['Dingmans Falls Road'],westbound,"The road to Dingmans Falls is closed for a bridge replacement project over the Summer of 2025. All traffic, including pedestrian and cyclist, is prohibited.",[{'type_name': 'below-road-work'}],c8a6b124-d7a0-49fd-2c61-08d4c7ad36e2,Delaware Water Gap,2025-05-13T16:22:17.178633Z,Delaware Water Gap,dewa_Superintendent@nps.gov,
2026-05-17,False,False,False,False,,2025-05-12T04:00:00Z,2026-06-01T03:59:59Z,unknown,all-lanes-closed,estimated,estimated,estimated,estimated,fa8f83cf-d566-2a5c-9976-d4f93871814e,79,Dingmans Falls Road Bridge Replacement,c8a6b124-d7a0-49fd-2c61-08d4c7ad36e2,work-zone,['Dingmans Falls Road'],eastbound,"The road to Dingmans Falls is closed for a bridge replacement project over the Summer of 2025. All traffic, including pedestrian and cyclist, is prohibited.",[{'type_name': 'below-road-work'}],c8a6b124-d7a0-49fd-2c61-08d4c7ad36e2,Delaware Water Gap,2025-05-13T16:22:17.178633Z,Delaware Water Gap,dewa_Superintendent@nps.gov,
2026-05-17,False,False,False,False,,2026-04-06T04:00:00Z,,unknown,all-lanes-closed,estimated,estimated,estimated,estimated,19dc202e-1b68-e3d6-45b1-ccfa6668250b,80,Old Mine Road Between Jager Road and Route 206,c8a6b124-d7a0-49fd-2c61-08d4c7ad36e2,work-zone,['Old Mine Road'],northbound,"Old Mine Road between Jager Road and Route 206 will close to all traffic beginning on April 6, 2026.

Contractors will work to rehabilitate a 3.5-mile stretch of road. The construction area will be closed to all traffic for the safety of park visitor",[{'type_name': 'surface-work'}],c8a6b124-d7a0-49fd-2c61-08d4c7ad36e2,Delaware Water Gap,2025-05-13T16:22:17.178633Z,Delaware Water Gap,dewa_Superintendent@nps.gov,
2026-05-17,False,False,False,False,,2026-04-06T04:00:00Z,,unknown,all-lanes-closed,estimated,estimated,estimated,estimated,60d49c1d-113a-692f-21ac-40443b5ad6c6,81,Old Mine Road Between Jager Road and Route 206,c8a6b124-d7a0-49fd-2c61-08d4c7ad36e2,work-zone,['Old Mine Road'],southbound,"Old Mine Road between Jager Road and Route 206 will close to all traffic beginning on April 6, 2026.

Contractors will work to rehabilitate a 3.5-mile stretch of road. The construction area will be closed to all traffic for the safety of park visitor",[{'type_name': 'surface-work'}],c8a6b124-d7a0-49fd-2c61-08d4c7ad36e2,Delaware Water Gap,2025-05-13T16:22:17.178633Z,Delaware Water Gap,dewa_Superintendent@nps.gov,
2026-05-17,False,False,False,False,,2026-04-06T04:00:00Z,,unknown,all-lanes-closed,estimated,estimated,estimated,estimated,958539cb-e2f7-47a4-fd7c-4e18a71d3d8f,82,Old Mine Road Between Jager Road and Route 206,c8a6b124-d7a0-49fd-2c61-08d4c7ad36e2,work-zone,['Old Mine Road'],northbound,"Old Mine Road between Jager Road and Route 206 will close to all traffic beginning on April 6, 2026.

Contractors will work to rehabilitate a 3.5-mile stretch of road. The construction area will be closed to all traffic for the safety of park visitor",[{'type_name': 'surface-work'}],c8a6b124-d7a0-49fd-2c61-08d4c7ad36e2,Delaware Water Gap,2025-05-13T16:22:17.178633Z,Delaware Water Gap,dewa_Superintendent@nps.gov,
2026-05-17,False,False,False,False,,2026-04-06T04:00:00Z,,unknown,all-lanes-closed,estimated,estimated,estimated,estimated,afdfbc12-4d9d-49bc-d9a0-97ff77899714,83,Old Mine Road Between Jager Road and Route 206,c8a6b124-d7a0-49fd-2c61-08d4c7ad36e2,work-zone,['Old Mine Road'],southbound,"Old Mine Road between Jager Road and Route 206 will close to all traffic beginning on April 6, 2026.

Contractors will work to rehabilitate a 3.5-mile stretch of road. The construction area will be closed to all traffic for the safety of park visitor",[{'type_name': 'surface-work'}],c8a6b124-d7a0-49fd-2c61-08d4c7ad36e2,Delaware Water Gap,2025-05-13T16:22:17.178633Z,Delaware Water Gap,dewa_Superintendent@nps.gov,
2026-05-17,False,False,False,False,"[{'incident_category': 'crash', 'incident_type': 'crash', 'description': 'The bridge on Main Street in Walpack Center is closed indefinitely due to structural damage from a vehicle collision.\n\nRoute 615 is closed in Flatbrookville due to landslide and active slope failure.'}]",2023-05-31T16:48:00Z,,unknown,all-lanes-closed,estimated,estimated,estimated,estimated,2557b97e-0b25-60f2-ef89-5d36d21c2cd3,84,Road Closures in New Jersey,c8a6b124-d7a0-49fd-2c61-08d4c7ad36e2,incident,['Main Street and Route 615'],westbound,"The bridge on Main Street in Walpack Center is closed indefinitely due to structural damage from a vehicle collision.

Route 615 is closed in Flatbrookville due to landslide and active slope failure.",,c8a6b124-d7a0-49fd-2c61-08d4c7ad36e2,Delaware Water Gap,2025-05-13T16:22:17.178633Z,Delaware Water Gap,dewa_Superintendent@nps.gov,
2026-05-17,False,False,False,False,"[{'incident_category': 'crash', 'incident_type': 'crash', 'description': 'The bridge on Main Street in Walpack Center is closed indefinitely due to structural damage from a vehicle collision.\n\nRoute 615 is closed in Flatbrookville due to landslide and active slope failure.'}]",2023-05-31T16:48:00Z,,unknown,all-lanes-closed,estimated,estimated,estimated,estimated,40b38990-9031-2434-e690-9ae6bfa6305f,85,Road Closures in New Jersey,c8a6b124-d7a0-49fd-2c61-08d4c7ad36e2,incident,['Main Street and Route 615'],eastbound,"The bridge on Main Street in Walpack Center is closed indefinitely due to structural damage from a vehicle collision.

Route 615 is closed in Flatbrookville due to landslide and active slope failure.",,c8a6b124-d7a0-49fd-2c61-08d4c7ad36e2,Delaware Water Gap,2025-05-13T16:22:17.178633Z,Delaware Water Gap,dewa_Superintendent@nps.gov,
2026-05-17,False,False,False,False,"[{'incident_category': 'crash', 'incident_type': 'crash', 'description': 'The bridge on Main Street in Walpack Center is closed indefinitely due to structural damage from a vehicle collision.\n\nRoute 615 is closed in Flatbrookville due to landslide and active slope failure.'}]",2023-05-31T16:48:00Z,,unknown,all-lanes-closed,estimated,estimated,estimated,estimated,6f0d0310-5e5f-4a79-abd6-1a8965229884,86,Road Closures in New Jersey,c8a6b124-d7a0-49fd-2c61-08d4c7ad36e2,incident,['Main Street and Route 615'],eastbound,"The bridge on Main Street in Walpack Center is closed indefinitely due to structural damage from a vehicle collision.

Route 615 is closed in Flatbrookville due to landslide and active slope failure.",,c8a6b124-d7a0-49fd-2c61-08d4c7ad36e2,Delaware Water Gap,2025-05-13T16:22:17.178633Z,Delaware Water Gap,dewa_Superintendent@nps.gov,
2026-05-17,False,False,False,False,"[{'incident_category': 'crash', 'incident_type': 'crash', 'description': 'The bridge on Main Street in Walpack Center is closed indefinitely due to structural damage from a vehicle collision.\n\nRoute 615 is closed in Flatbrookville due to landslide and active slope failure.'}]",2023-05-31T16:48:00Z,,unknown,all-lanes-closed,estimated,estimated,estimated,estimated,7ac6b430-112e-b795-94b0-bba542dbecdb,87,Road Closures in New Jersey,c8a6b124-d7a0-49fd-2c61-08d4c7ad36e2,incident,['Main Street and Route 615'],westbound,"The bridge on Main Street in Walpack Center is closed indefinitely due to structural damage from a vehicle collision.

Route 615 is closed in Flatbrookville due to landslide and active slope failure.",,c8a6b124-d7a0-49fd-2c61-08d4c7ad36e2,Delaware Water Gap,2025-05-13T16:22:17.178633Z,Delaware Water Gap,dewa_Superintendent@nps.gov,
2026-05-17,False,False,False,False,,2025-05-12T17:51:00Z,2026-05-31T17:51:00Z,unknown,alternating-one-way,estimated,estimated,estimated,estimated,7a061eef-3639-78b4-8644-7e2578be57bc,88,Van Campens Brook Bridge Repair Project,c8a6b124-d7a0-49fd-2c61-08d4c7ad36e2,work-zone,['Old Mine Road'],northbound,"Due to a bridge repair project over the Van Campens Brook, visitors on Old Mine Road may encounter delays over Summer 2025. The road will remain open, with single-lane traffic during working hours.",[{'type_name': 'below-road-work'}],c8a6b124-d7a0-49fd-2c61-08d4c7ad36e2,Delaware Water Gap,2025-05-13T16:22:17.178633Z,Delaware Water Gap,dewa_Superintendent@nps.gov,
2026-05-17,False,False,False,False,,2025-05-12T17:51:00Z,2026-05-31T17:51:00Z,unknown,alternating-one-way,estimated,estimated,estimated,estimated,8bb0c382-c4ba-409c-7347-7c5b3bb57869,89,Van Campens Brook Bridge Repair Project,c8a6b124-d7a0-49fd-2c61-08d4c7ad36e2,work-zone,['Old Mine Road'],northbound,"Due to a bridge repair project over the Van Campens Brook, visitors on Old Mine Road may encounter delays over Summer 2025. The road will remain open, with single-lane traffic during working hours.",[{'type_name': 'below-road-work'}],c8a6b124-d7a0-49fd-2c61-08d4c7ad36e2,Delaware Water Gap,2025-05-13T16:22:17.178633Z,Delaware Water Gap,dewa_Superintendent@nps.gov,
2026-05-17,False,False,False,False,,2025-05-12T17:51:00Z,2026-05-31T17:51:00Z,unknown,alternating-one-way,estimated,estimated,estimated,estimated,ca707c7b-912f-4b00-92c2-606f97309106,90,Van Campens Brook Bridge Repair Project,c8a6b124-d7a0-49fd-2c61-08d4c7ad36e2,work-zone,['Old Mine Road'],southbound,"Due to a bridge repair project over the Van Campens Brook, visitors on Old Mine Road may encounter delays over Summer 2025. The road will remain open, with single-lane traffic during working hours.",[{'type_name': 'below-road-work'}],c8a6b124-d7a0-49fd-2c61-08d4c7ad36e2,Delaware Water Gap,2025-05-13T16:22:17.178633Z,Delaware Water Gap,dewa_Superintendent@nps.gov,
2026-05-17,False,False,False,False,,2025-05-12T17:51:00Z,2026-05-31T17:51:00Z,unknown,alternating-one-way,estimated,estimated,estimated,estimated,eb6bfabe-f260-d521-0cd0-559741dfa792,91,Van Campens Brook Bridge Repair Project,c8a6b124-d7a0-49fd-2c61-08d4c7ad36e2,work-zone,['Old Mine Road'],southbound,"Due to a bridge repair project over the Van Campens Brook, visitors on Old Mine Road may encounter delays over Summer 2025. The road will remain open, with single-lane traffic during working hours.",[{'type_name': 'below-road-work'}],c8a6b124-d7a0-49fd-2c61-08d4c7ad36e2,Delaware Water Gap,2025-05-13T16:22:17.178633Z,Delaware Water Gap,dewa_Superintendent@nps.gov,
2026-05-17,False,False,False,False,"[{'incident_category': 'winter', 'incident_type': 'snowfall', 'description': 'The main park road (Hwy 89) is closed at Sulphur Works (one-mile inside the southwest entrance) and Devastated Area (10 miles inside the northwest entrance) for road clearing. Please use caution if driving to the park and check weather forecasts.'}]",2025-12-29T08:00:00Z,2026-07-03T06:59:59Z,unknown,all-lanes-closed,estimated,estimated,estimated,estimated,00a2cca8-c8c5-227e-d827-973d8833d415,92,Lassen National Park Highway Closed for spring road clearing operations,c901091f-574b-4cc1-2d1a-08d4c7ad36e2,incident,['Lassen National Park Highway (Hwy 89)'],eastbound,The main park road (Hwy 89) is closed at Sulphur Works (one-mile inside the southwest entrance) and Devastated Area (10 miles inside the northwest entrance) for road clearing. Please use caution if driving to the park and check weather forecasts.,,c901091f-574b-4cc1-2d1a-08d4c7ad36e2,Lassen Volcanic,2025-04-04T23:20:54.390727Z,Lassen Volcanic,lavo_Superintendent@nps.gov,
2026-05-17,False,False,False,False,"[{'incident_category': 'winter', 'incident_type': 'snowfall', 'description': 'The main park road (Hwy 89) is closed at Sulphur Works (one-mile inside the southwest entrance) and Devastated Area (10 miles inside the northwest entrance) for road clearing. Please use caution if driving to the park and check weather forecasts.'}]",2025-12-29T08:00:00Z,2026-07-03T06:59:59Z,unknown,all-lanes-closed,estimated,estimated,estimated,estimated,018f951b-ceba-30b4-1362-1d0506374ef6,93,Lassen National Park Highway Closed for spring road clearing operations,c901091f-574b-4cc1-2d1a-08d4c7ad36e2,incident,['Lassen National Park Highway (Hwy 89)'],westbound,The main park road (Hwy 89) is closed at Sulphur Works (one-mile inside the southwest entrance) and Devastated Area (10 miles inside the northwest entrance) for road clearing. Please use caution if driving to the park and check weather forecasts.,,c901091f-574b-4cc1-2d1a-08d4c7ad36e2,Lassen Volcanic,2025-04-04T23:20:54.390727Z,Lassen Volcanic,lavo_Superintendent@nps.gov,
2026-05-17,False,False,False,False,"[{'incident_category': 'winter', 'incident_type': 'snowfall', 'description': 'The main park road (Hwy 89) is closed at Sulphur Works (one-mile inside the southwest entrance) and Devastated Area (10 miles inside the northwest entrance) for road clearing. Please use caution if driving to the park and check weather forecasts.'}]",2025-12-29T08:00:00Z,2026-07-03T06:59:59Z,unknown,all-lanes-closed,estimated,estimated,estimated,estimated,1109e6d8-ae21-825b-21eb-3824a6c68d1c,94,Lassen National Park Highway Closed for spring road clearing operations,c901091f-574b-4cc1-2d1a-08d4c7ad36e2,incident,['Lassen National Park Highway (Hwy 89)'],westbound,The main park road (Hwy 89) is closed at Sulphur Works (one-mile inside the southwest entrance) and Devastated Area (10 miles inside the northwest entrance) for road clearing. Please use caution if driving to the park and check weather forecasts.,,c901091f-574b-4cc1-2d1a-08d4c7ad36e2,Lassen Volcanic,2025-04-04T23:20:54.390727Z,Lassen Volcanic,lavo_Superintendent@nps.gov,
2026-05-17,False,False,False,False,"[{'incident_category': 'winter', 'incident_type': 'snowfall', 'description': 'The main park road (Hwy 89) is closed at Sulphur Works (one-mile inside the southwest entrance) and Devastated Area (10 miles inside the northwest entrance) for road clearing. Please use caution if driving to the park and check weather forecasts.'}]",2025-12-29T08:00:00Z,2026-07-03T06:59:59Z,unknown,all-lanes-closed,estimated,estimated,estimated,estimated,40d3b3c7-ddbd-9125-ea44-6ee98822e76a,95,Lassen National Park Highway Closed for spring road clearing operations,c901091f-574b-4cc1-2d1a-08d4c7ad36e2,incident,['Lassen National Park Highway (Hwy 89)'],eastbound,The main park road (Hwy 89) is closed at Sulphur Works (one-mile inside the southwest entrance) and Devastated Area (10 miles inside the northwest entrance) for road clearing. Please use caution if driving to the park and check weather forecasts.,,c901091f-574b-4cc1-2d1a-08d4c7ad36e2,Lassen Volcanic,2025-04-04T23:20:54.390727Z,Lassen Volcanic,lavo_Superintendent@nps.gov,
2026-05-17,False,False,False,False,"[{'incident_category': 'winter', 'incident_type': 'snowfall', 'description': 'The main park road (Hwy 89) is closed at Sulphur Works (one-mile inside the southwest entrance) and Devastated Area (10 miles inside the northwest entrance) for road clearing. Please use caution if driving to the park and check weather forecasts.'}]",2025-12-29T08:00:00Z,2026-07-03T06:59:59Z,unknown,all-lanes-closed,estimated,estimated,estimated,estimated,47f5b1a1-a40f-a4d8-137e-653b5cda4d52,96,Lassen National Park Highway Closed for spring road clearing operations,c901091f-574b-4cc1-2d1a-08d4c7ad36e2,incident,['Lassen National Park Highway (Hwy 89)'],eastbound,The main park road (Hwy 89) is closed at Sulphur Works (one-mile inside the southwest entrance) and Devastated Area (10 miles inside the northwest entrance) for road clearing. Please use caution if driving to the park and check weather forecasts.,,c901091f-574b-4cc1-2d1a-08d4c7ad36e2,Lassen Volcanic,2025-04-04T23:20:54.390727Z,Lassen Volcanic,lavo_Superintendent@nps.gov,
2026-05-17,False,False,False,False,"[{'incident_category': 'winter', 'incident_type': 'snowfall', 'description': 'The main park road (Hwy 89) is closed at Sulphur Works (one-mile inside the southwest entrance) and Devastated Area (10 miles inside the northwest entrance) for road clearing. Please use caution if driving to the park and check weather forecasts.'}]",2025-12-29T08:00:00Z,2026-07-03T06:59:59Z,unknown,all-lanes-closed,estimated,estimated,estimated,estimated,61000709-357a-8368-ad0b-2f4f28535916,97,Lassen National Park Highway Closed for spring road clearing operations,c901091f-574b-4cc1-2d1a-08d4c7ad36e2,incident,['Lassen National Park Highway (Hwy 89)'],eastbound,The main park road (Hwy 89) is closed at Sulphur Works (one-mile inside the southwest entrance) and Devastated Area (10 miles inside the northwest entrance) for road clearing. Please use caution if driving to the park and check weather forecasts.,,c901091f-574b-4cc1-2d1a-08d4c7ad36e2,Lassen Volcanic,2025-04-04T23:20:54.390727Z,Lassen Volcanic,lavo_Superintendent@nps.gov,
2026-05-17,False,False,False,False,"[{'incident_category': 'winter', 'incident_type': 'snowfall', 'description': 'The main park road (Hwy 89) is closed at Sulphur Works (one-mile inside the southwest entrance) and Devastated Area (10 miles inside the northwest entrance) for road clearing. Please use caution if driving to the park and check weather forecasts.'}]",2025-12-29T08:00:00Z,2026-07-03T06:59:59Z,unknown,all-lanes-closed,estimated,estimated,estimated,estimated,62a4b94a-afcb-b807-a238-4dae63ab360b,98,Lassen National Park Highway Closed for spring road clearing operations,c901091f-574b-4cc1-2d1a-08d4c7ad36e2,incident,['Lassen National Park Highway (Hwy 89)'],westbound,The main park road (Hwy 89) is closed at Sulphur Works (one-mile inside the southwest entrance) and Devastated Area (10 miles inside the northwest entrance) for road clearing. Please use caution if driving to the park and check weather forecasts.,,c901091f-574b-4cc1-2d1a-08d4c7ad36e2,Lassen Volcanic,2025-04-04T23:20:54.390727Z,Lassen Volcanic,lavo_Superintendent@nps.gov,
2026-05-17,False,False,False,False,"[{'incident_category': 'winter', 'incident_type': 'snowfall', 'description': 'The main park road (Hwy 89) is closed at Sulphur Works (one-mile inside the southwest entrance) and Devastated Area (10 miles inside the northwest entrance) for road clearing. Please use caution if driving to the park and check weather forecasts.'}]",2025-12-29T08:00:00Z,2026-07-03T06:59:59Z,unknown,all-lanes-closed,estimated,estimated,estimated,estimated,657785a3-7d05-74ec-671a-76dda0138f84,99,Lassen National Park Highway Closed for spring road clearing operations,c901091f-574b-4cc1-2d1a-08d4c7ad36e2,incident,['Lassen National Park Highway (Hwy 89)'],westbound,The main park road (Hwy 89) is closed at Sulphur Works (one-mile inside the southwest entrance) and Devastated Area (10 miles inside the northwest entrance) for road clearing. Please use caution if driving to the park and check weather forecasts.,,c901091f-574b-4cc1-2d1a-08d4c7ad36e2,Lassen Volcanic,2025-04-04T23:20:54.390727Z,Lassen Volcanic,lavo_Superintendent@nps.gov,
2026-05-17,False,False,False,False,"[{'incident_category': 'winter', 'incident_type': 'snowfall', 'description': 'The main park road (Hwy 89) is closed at Sulphur Works (one-mile inside the southwest entrance) and Devastated Area (10 miles inside the northwest entrance) for road clearing. Please use caution if driving to the park and check weather forecasts.'}]",2025-12-29T08:00:00Z,2026-07-03T06:59:59Z,unknown,all-lanes-closed,estimated,estimated,estimated,estimated,6e54f1e5-4b06-90df-833a-b9b61c129e22,100,Lassen National Park Highway Closed for spring road clearing operations,c901091f-574b-4cc1-2d1a-08d4c7ad36e2,incident,['Lassen National Park Highway (Hwy 89)'],eastbound,The main park road (Hwy 89) is closed at Sulphur Works (one-mile inside the southwest entrance) and Devastated Area (10 miles inside the northwest entrance) for road clearing. Please use caution if driving to the park and check weather forecasts.,,c901091f-574b-4cc1-2d1a-08d4c7ad36e2,Lassen Volcanic,2025-04-04T23:20:54.390727Z,Lassen Volcanic,lavo_Superintendent@nps.gov,
2026-05-17,False,False,False,False,"[{'incident_category': 'winter', 'incident_type': 'snowfall', 'description': 'The main park road (Hwy 89) is closed at Sulphur Works (one-mile inside the southwest entrance) and Devastated Area (10 miles inside the northwest entrance) for road clearing. Please use caution if driving to the park and check weather forecasts.'}]",2025-12-29T08:00:00Z,2026-07-03T06:59:59Z,unknown,all-lanes-closed,estimated,estimated,estimated,estimated,a46c07e7-399c-f411-972c-f67461d4dc62,101,Lassen National Park Highway Closed for spring road clearing operations,c901091f-574b-4cc1-2d1a-08d4c7ad36e2,incident,['Lassen National Park Highway (Hwy 89)'],northbound,The main park road (Hwy 89) is closed at Sulphur Works (one-mile inside the southwest entrance) and Devastated Area (10 miles inside the northwest entrance) for road clearing. Please use caution if driving to the park and check weather forecasts.,,c901091f-574b-4cc1-2d1a-08d4c7ad36e2,Lassen Volcanic,2025-04-04T23:20:54.390727Z,Lassen Volcanic,lavo_Superintendent@nps.gov,
2026-05-17,False,False,False,False,"[{'incident_category': 'winter', 'incident_type': 'snowfall', 'description': 'The main park road (Hwy 89) is closed at Sulphur Works (one-mile inside the southwest entrance) and Devastated Area (10 miles inside the northwest entrance) for road clearing. Please use caution if driving to the park and check weather forecasts.'}]",2025-12-29T08:00:00Z,2026-07-03T06:59:59Z,unknown,all-lanes-closed,estimated,estimated,estimated,estimated,a618828c-3022-c5a9-11f9-ac8d42563b19,102,Lassen National Park Highway Closed for spring road clearing operations,c901091f-574b-4cc1-2d1a-08d4c7ad36e2,incident,['Lassen National Park Highway (Hwy 89)'],westbound,The main park road (Hwy 89) is closed at Sulphur Works (one-mile inside the southwest entrance) and Devastated Area (10 miles inside the northwest entrance) for road clearing. Please use caution if driving to the park and check weather forecasts.,,c901091f-574b-4cc1-2d1a-08d4c7ad36e2,Lassen Volcanic,2025-04-04T23:20:54.390727Z,Lassen Volcanic,lavo_Superintendent@nps.gov,
2026-05-17,False,False,False,False,"[{'incident_category': 'winter', 'incident_type': 'snowfall', 'description': 'The main park road (Hwy 89) is closed at Sulphur Works (one-mile inside the southwest entrance) and Devastated Area (10 miles inside the northwest entrance) for road clearing. Please use caution if driving to the park and check weather forecasts.'}]",2025-12-29T08:00:00Z,2026-07-03T06:59:59Z,unknown,all-lanes-closed,estimated,estimated,estimated,estimated,c9fa63a7-45d0-3a3f-e256-65f64e18d794,103,Lassen National Park Highway Closed for spring road clearing operations,c901091f-574b-4cc1-2d1a-08d4c7ad36e2,incident,['Lassen National Park Highway (Hwy 89)'],westbound,The main park road (Hwy 89) is closed at Sulphur Works (one-mile inside the southwest entrance) and Devastated Area (10 miles inside the northwest entrance) for road clearing. Please use caution if driving to the park and check weather forecasts.,,c901091f-574b-4cc1-2d1a-08d4c7ad36e2,Lassen Volcanic,2025-04-04T23:20:54.390727Z,Lassen Volcanic,lavo_Superintendent@nps.gov,
2026-05-17,False,False,False,False,"[{'incident_category': 'winter', 'incident_type': 'snowfall', 'description': 'The main park road (Hwy 89) is closed at Sulphur Works (one-mile inside the southwest entrance) and Devastated Area (10 miles inside the northwest entrance) for road clearing. Please use caution if driving to the park and check weather forecasts.'}]",2025-12-29T08:00:00Z,2026-07-03T06:59:59Z,unknown,all-lanes-closed,estimated,estimated,estimated,estimated,d5b6388d-bf15-2b32-6082-814d31ad89ce,104,Lassen National Park Highway Closed for spring road clearing operations,c901091f-574b-4cc1-2d1a-08d4c7ad36e2,incident,['Lassen National Park Highway (Hwy 89)'],westbound,The main park road (Hwy 89) is closed at Sulphur Works (one-mile inside the southwest entrance) and Devastated Area (10 miles inside the northwest entrance) for road clearing. Please use caution if driving to the park and check weather forecasts.,,c901091f-574b-4cc1-2d1a-08d4c7ad36e2,Lassen Volcanic,2025-04-04T23:20:54.390727Z,Lassen Volcanic,lavo_Superintendent@nps.gov,
2026-05-17,False,False,False,False,"[{'incident_category': 'winter', 'incident_type': 'snowfall', 'description': 'The main park road (Hwy 89) is closed at Sulphur Works (one-mile inside the southwest entrance) and Devastated Area (10 miles inside the northwest entrance) for road clearing. Please use caution if driving to the park and check weather forecasts.'}]",2025-12-29T08:00:00Z,2026-07-03T06:59:59Z,unknown,all-lanes-closed,estimated,estimated,estimated,estimated,d7a8aa57-ef63-8c9f-8b90-4cb1c39153d8,105,Lassen National Park Highway Closed for spring road clearing operations,c901091f-574b-4cc1-2d1a-08d4c7ad36e2,incident,['Lassen National Park Highway (Hwy 89)'],eastbound,The main park road (Hwy 89) is closed at Sulphur Works (one-mile inside the southwest entrance) and Devastated Area (10 miles inside the northwest entrance) for road clearing. Please use caution if driving to the park and check weather forecasts.,,c901091f-574b-4cc1-2d1a-08d4c7ad36e2,Lassen Volcanic,2025-04-04T23:20:54.390727Z,Lassen Volcanic,lavo_Superintendent@nps.gov,
2026-05-17,False,False,False,False,"[{'incident_category': 'winter', 'incident_type': 'snowfall', 'description': 'The main park road (Hwy 89) is closed at Sulphur Works (one-mile inside the southwest entrance) and Devastated Area (10 miles inside the northwest entrance) for road clearing. Please use caution if driving to the park and check weather forecasts.'}]",2025-12-29T08:00:00Z,2026-07-03T06:59:59Z,unknown,all-lanes-closed,estimated,estimated,estimated,estimated,e4789a41-b4e7-ee39-ac88-33ac3d3dcff0,106,Lassen National Park Highway Closed for spring road clearing operations,c901091f-574b-4cc1-2d1a-08d4c7ad36e2,incident,['Lassen National Park Highway (Hwy 89)'],eastbound,The main park road (Hwy 89) is closed at Sulphur Works (one-mile inside the southwest entrance) and Devastated Area (10 miles inside the northwest entrance) for road clearing. Please use caution if driving to the park and check weather forecasts.,,c901091f-574b-4cc1-2d1a-08d4c7ad36e2,Lassen Volcanic,2025-04-04T23:20:54.390727Z,Lassen Volcanic,lavo_Superintendent@nps.gov,
2026-05-17,False,False,False,False,"[{'incident_category': 'winter', 'incident_type': 'snowfall', 'description': 'The main park road (Hwy 89) is closed at Sulphur Works (one-mile inside the southwest entrance) and Devastated Area (10 miles inside the northwest entrance) for road clearing. Please use caution if driving to the park and check weather forecasts.'}]",2025-12-29T08:00:00Z,2026-07-03T06:59:59Z,unknown,all-lanes-closed,estimated,estimated,estimated,estimated,ed510926-b1b9-6c73-87ff-9a3e8fa17169,107,Lassen National Park Highway Closed for spring road clearing operations,c901091f-574b-4cc1-2d1a-08d4c7ad36e2,incident,['Lassen National Park Highway (Hwy 89)'],southbound,The main park road (Hwy 89) is closed at Sulphur Works (one-mile inside the southwest entrance) and Devastated Area (10 miles inside the northwest entrance) for road clearing. Please use caution if driving to the park and check weather forecasts.,,c901091f-574b-4cc1-2d1a-08d4c7ad36e2,Lassen Volcanic,2025-04-04T23:20:54.390727Z,Lassen Volcanic,lavo_Superintendent@nps.gov,
2026-05-17,False,False,False,False,"[{'incident_category': 'winter', 'incident_type': 'snowfall', 'description': 'The main park road (Hwy 89) is closed at Sulphur Works (one-mile inside the southwest entrance) and Devastated Area (10 miles inside the northwest entrance) for road clearing. Please use caution if driving to the park and check weather forecasts.'}]",2025-12-29T08:00:00Z,2026-07-03T06:59:59Z,unknown,all-lanes-closed,estimated,estimated,estimated,estimated,f35b9383-5722-bf47-5036-0abeee7e975b,108,Lassen National Park Highway Closed for spring road clearing operations,c901091f-574b-4cc1-2d1a-08d4c7ad36e2,incident,['Lassen National Park Highway (Hwy 89)'],eastbound,The main park road (Hwy 89) is closed at Sulphur Works (one-mile inside the southwest entrance) and Devastated Area (10 miles inside the northwest entrance) for road clearing. Please use caution if driving to the park and check weather forecasts.,,c901091f-574b-4cc1-2d1a-08d4c7ad36e2,Lassen Volcanic,2025-04-04T23:20:54.390727Z,Lassen Volcanic,lavo_Superintendent@nps.gov,
2026-05-17,False,False,False,False,"[{'incident_category': 'winter', 'incident_type': 'snowfall', 'description': 'The main park road (Hwy 89) is closed at Sulphur Works (one-mile inside the southwest entrance) and Devastated Area (10 miles inside the northwest entrance) for road clearing. Please use caution if driving to the park and check weather forecasts.'}]",2025-12-29T08:00:00Z,2026-07-03T06:59:59Z,unknown,all-lanes-closed,estimated,estimated,estimated,estimated,f53c60f7-46c2-0606-52de-e3cad406709d,109,Lassen National Park Highway Closed for spring road clearing operations,c901091f-574b-4cc1-2d1a-08d4c7ad36e2,incident,['Lassen National Park Highway (Hwy 89)'],westbound,The main park road (Hwy 89) is closed at Sulphur Works (one-mile inside the southwest entrance) and Devastated Area (10 miles inside the northwest entrance) for road clearing. Please use caution if driving to the park and check weather forecasts.,,c901091f-574b-4cc1-2d1a-08d4c7ad36e2,Lassen Volcanic,2025-04-04T23:20:54.390727Z,Lassen Volcanic,lavo_Superintendent@nps.gov,
2026-05-17,False,False,False,False,"[{'incident_category': 'winter', 'incident_type': 'snowfall', 'description': 'Road to Juniper Lake area is closed to vehicle access due to significant road damage outside of the park with no ETA for repair. '}, {'incident_category': 'disaster', 'incident_type': 'flood-major', 'description': 'Road to Juniper Lake area is closed to vehicle access due to significant road damage outside of the park with no ETA for repair. '}]",2025-12-29T08:00:00Z,2026-07-02T06:59:59Z,unknown,all-lanes-closed,estimated,estimated,estimated,estimated,4ac1375b-b7ad-9d33-7fc1-06c8d62d9816,110,Road to Juniper Lake Closed Due to Flood Damage,c901091f-574b-4cc1-2d1a-08d4c7ad36e2,incident,['Juniper Lake Road'],southbound,Road to Juniper Lake area is closed to vehicle access due to significant road damage outside of the park with no ETA for repair. ,,c901091f-574b-4cc1-2d1a-08d4c7ad36e2,Lassen Volcanic,2025-04-04T23:20:54.390727Z,Lassen Volcanic,lavo_Superintendent@nps.gov,
2026-05-17,False,False,False,False,"[{'incident_category': 'winter', 'incident_type': 'snowfall', 'description': 'Road to Juniper Lake area is closed to vehicle access due to significant road damage outside of the park with no ETA for repair. '}, {'incident_category': 'disaster', 'incident_type': 'flood-major', 'description': 'Road to Juniper Lake area is closed to vehicle access due to significant road damage outside of the park with no ETA for repair. '}]",2025-12-29T08:00:00Z,2026-07-02T06:59:59Z,unknown,all-lanes-closed,estimated,estimated,estimated,estimated,6e272fe6-7686-a21d-b033-67fa04115f3c,111,Road to Juniper Lake Closed Due to Flood Damage,c901091f-574b-4cc1-2d1a-08d4c7ad36e2,incident,['Juniper Lake Road'],northbound,Road to Juniper Lake area is closed to vehicle access due to significant road damage outside of the park with no ETA for repair. ,,c901091f-574b-4cc1-2d1a-08d4c7ad36e2,Lassen Volcanic,2025-04-04T23:20:54.390727Z,Lassen Volcanic,lavo_Superintendent@nps.gov,
2026-05-17,False,False,False,False,,2026-04-15T05:00:00Z,2027-05-16T04:59:59Z,unknown,all-lanes-closed,estimated,estimated,estimated,estimated,47bc4ea0-0848-18b9-c582-ef711f960219,112,Double Arch Bridge barrier replacement,c96651fe-ac5b-4213-2d51-08d4c7ad36e2,work-zone,['Double Arch Bridge'],southbound,"Double Arch Bridge near Nashville is closed for construction to install a permanent pedestrian safety barrier. There is a 7.5 mile detour from MP 437 to MP 440. Visitors can access the Northern Terminus
to Big Tree Overlook (MP 440) and back.",[{'type_name': 'barrier-work'}],c96651fe-ac5b-4213-2d51-08d4c7ad36e2,Natchez Trace Parkway,2023-09-29T20:47:00.560891Z,Natchez Trace Parkway,NATR_Superintendent@nps.gov,
2026-05-17,False,False,False,False,,2026-04-15T05:00:00Z,2027-05-16T04:59:59Z,unknown,all-lanes-closed,estimated,estimated,estimated,estimated,8218e235-3e1c-8d16-0fe3-4390d84bcc19,113,Double Arch Bridge barrier replacement,c96651fe-ac5b-4213-2d51-08d4c7ad36e2,work-zone,['Double Arch Bridge'],northbound,"Double Arch Bridge near Nashville is closed for construction to install a permanent pedestrian safety barrier. There is a 7.5 mile detour from MP 437 to MP 440. Visitors can access the Northern Terminus
to Big Tree Overlook (MP 440) and back.",[{'type_name': 'barrier-work'}],c96651fe-ac5b-4213-2d51-08d4c7ad36e2,Natchez Trace Parkway,2023-09-29T20:47:00.560891Z,Natchez Trace Parkway,NATR_Superintendent@nps.gov,
2026-05-17,False,False,False,False,,2025-06-09T05:00:00Z,2027-01-01T05:59:59Z,unknown,all-lanes-closed,estimated,estimated,estimated,estimated,55c8da04-4b0f-e7c4-b9f2-059a0ce39c8a,114,Road Repavement,c96651fe-ac5b-4213-2d51-08d4c7ad36e2,work-zone,['Natchez Trace Parkway'],northbound,The parkway is closed from milepost 181 near MS HWY 413 to milepost 204 near US HWY 82 in Choctaw and Webster counties. A definitive reopening date is not available at this time. Construction will continue into 2026. ,[{'type_name': 'surface-work'}],c96651fe-ac5b-4213-2d51-08d4c7ad36e2,Natchez Trace Parkway,2023-09-29T20:47:00.560891Z,Natchez Trace Parkway,NATR_Superintendent@nps.gov,
2026-05-17,False,False,False,False,,2025-06-09T05:00:00Z,2027-01-01T05:59:59Z,unknown,all-lanes-closed,estimated,estimated,estimated,estimated,5a1c9af3-f674-6150-367a-fad814ec21e8,115,Road Repavement,c96651fe-ac5b-4213-2d51-08d4c7ad36e2,work-zone,['Natchez Trace Parkway'],southbound,The parkway is closed from milepost 181 near MS HWY 413 to milepost 204 near US HWY 82 in Choctaw and Webster counties. A definitive reopening date is not available at this time. Construction will continue into 2026. ,[{'type_name': 'surface-work'}],c96651fe-ac5b-4213-2d51-08d4c7ad36e2,Natchez Trace Parkway,2023-09-29T20:47:00.560891Z,Natchez Trace Parkway,NATR_Superintendent@nps.gov,
2026-05-17,False,False,False,False,,2026-04-27T04:00:00Z,2026-06-01T03:59:59Z,unknown,all-lanes-closed,estimated,estimated,estimated,estimated,2b24123a-51c9-d2f5-5cc1-43632f0e78d2,116,Dyer Road Construction Resumes in Chickamauga Battlefield,d52ce6cc-5cd4-4dc2-2c34-08d4c7ad36e2,work-zone,['Dyer Road'],eastbound,"Beginning April 27, Chickamauga and Chattanooga National Military Park will resume road construction on Dyer Road within Chickamauga Battlefield.",[{'type_name': 'surface-work'}],d52ce6cc-5cd4-4dc2-2c34-08d4c7ad36e2,Chickamauga & Chattanooga,2025-01-09T20:13:26.457833Z,Chickamauga & Chattanooga,chch_Superintendent@nps.gov,
2026-05-17,False,False,False,False,,2026-04-27T04:00:00Z,2026-06-01T03:59:59Z,unknown,all-lanes-closed,estimated,estimated,estimated,estimated,42f92302-5fad-4f3c-b552-e23a7b1809e2,117,Dyer Road Construction Resumes in Chickamauga Battlefield,d52ce6cc-5cd4-4dc2-2c34-08d4c7ad36e2,work-zone,['Dyer Road'],westbound,"Beginning April 27, Chickamauga and Chattanooga National Military Park will resume road construction on Dyer Road within Chickamauga Battlefield.",[{'type_name': 'surface-work'}],d52ce6cc-5cd4-4dc2-2c34-08d4c7ad36e2,Chickamauga & Chattanooga,2025-01-09T20:13:26.457833Z,Chickamauga & Chattanooga,chch_Superintendent@nps.gov,
2026-05-17,False,False,False,False,,2026-04-30T04:00:00Z,2026-07-01T03:59:59Z,unknown,all-lanes-closed,estimated,estimated,estimated,estimated,63ec144b-be75-6b8b-076d-28f2635c7fd4,118,Snodgrass Hill Road Closed for Construction,d52ce6cc-5cd4-4dc2-2c34-08d4c7ad36e2,work-zone,['Snodgrass Hill Road'],eastbound,The project will provide routine road-paving maintenance to improve visitor safety and enhance the overall visitor experience.,[{'type_name': 'surface-work'}],d52ce6cc-5cd4-4dc2-2c34-08d4c7ad36e2,Chickamauga & Chattanooga,2025-01-09T20:13:26.457833Z,Chickamauga & Chattanooga,chch_Superintendent@nps.gov,
2026-05-17,False,False,False,False,,2026-04-30T04:00:00Z,2026-07-01T03:59:59Z,unknown,all-lanes-closed,estimated,estimated,estimated,estimated,ebdaf10e-1de8-ecd7-8f45-55fa269374f2,119,Snodgrass Hill Road Closed for Construction,d52ce6cc-5cd4-4dc2-2c34-08d4c7ad36e2,work-zone,['Snodgrass Hill Road'],westbound,The project will provide routine road-paving maintenance to improve visitor safety and enhance the overall visitor experience.,[{'type_name': 'surface-work'}],d52ce6cc-5cd4-4dc2-2c34-08d4c7ad36e2,Chickamauga & Chattanooga,2025-01-09T20:13:26.457833Z,Chickamauga & Chattanooga,chch_Superintendent@nps.gov,
2026-05-17,False,False,False,False,"[{'incident_category': 'winter', 'incident_type': 'ice', 'description': 'Wheeler Peak Scenic Drive is closed at Mather Overlook due to snow. Snake Creek Road is closed at the park boundary.'}, {'incident_category': 'winter', 'incident_type': 'snowfall', 'description': 'Wheeler Peak Scenic Drive is closed at Mather Overlook due to snow. Snake Creek Road is closed at the park boundary.'}]",2025-12-11T08:00:00Z,2026-05-23T06:59:59Z,unknown,all-lanes-closed,estimated,estimated,estimated,estimated,99b6770e-0bd3-3f32-1cea-d448af670d99,120,Winter Road Closures,d6becc72-18a7-4dff-2cb7-08d4c7ad36e2,incident,['Wheeler Peak Scenic Drive'],northbound,Wheeler Peak Scenic Drive is closed at Mather Overlook due to snow. Snake Creek Road is closed at the park boundary.,,d6becc72-18a7-4dff-2cb7-08d4c7ad36e2,Great Basin National Park,2023-11-17T18:58:26.600446Z,Great Basin National Park,GRBA_Superintendent@nps.gov,
2026-05-17,False,False,False,False,"[{'incident_category': 'winter', 'incident_type': 'ice', 'description': 'Wheeler Peak Scenic Drive is closed at Mather Overlook due to snow. Snake Creek Road is closed at the park boundary.'}, {'incident_category': 'winter', 'incident_type': 'snowfall', 'description': 'Wheeler Peak Scenic Drive is closed at Mather Overlook due to snow. Snake Creek Road is closed at the park boundary.'}]",2025-12-11T08:00:00Z,2026-05-23T06:59:59Z,unknown,all-lanes-closed,estimated,estimated,estimated,estimated,a0d5717a-72ef-0621-2700-fd3481326c1f,121,Winter Road Closures,d6becc72-18a7-4dff-2cb7-08d4c7ad36e2,incident,['Wheeler Peak Scenic Drive'],southbound,Wheeler Peak Scenic Drive is closed at Mather Overlook due to snow. Snake Creek Road is closed at the park boundary.,,d6becc72-18a7-4dff-2cb7-08d4c7ad36e2,Great Basin National Park,2023-11-17T18:58:26.600446Z,Great Basin National Park,GRBA_Superintendent@nps.gov,
